Category,Genres,Director,Popularity,Winner
7,88,282,8.8,True
1,77,431,15.9,False
3,23,599,12.8,False
3,83,479,85.7,True
8,95,268,5.4,False
8,225,378,18.1,False
5,131,606,0.9,False
4,218,145,61.7,False
4,73,64,10.5,False
4,212,208,5.9,True
4,74,150,63.2,False
6,74,150,15.1,False
6,76,496,19.9,False
8,94,143,12.9,False
6,222,218,17.3,False
1,74,694,30.2,True
4,102,525,19.8,False
6,95,579,63.7,False
6,203,36,50.9,False
0,225,121,33.4,False
8,95,239,9.3,False
5,88,764,8.9,False
2,70,680,20.8,True
4,203,205,8.1,True
1,81,372,50.9,True
3,3,13,74.1,True
5,134,430,8.5,False
8,155,614,18.5,False
0,95,679,13.9,False
3,193,218,11.4,False
4,97,278,11.8,False
4,134,364,7.3,True
7,223,276,9.7,True
2,102,618,1.1,False
1,175,208,1.9,False
0,149,256,60.8,False
7,19,116,146.9,True
3,34,99,3.0,False
6,29,241,13.4,False
7,149,557,15.6,True
6,76,695,24.2,False
8,80,597,11.0,False
0,80,483,5.6,False
3,19,116,146.9,False
3,56,734,77.9,False
2,196,199,17.2,False
6,3,36,25.4,False
4,79,641,47.7,True
3,2,74,11.4,False
8,217,145,13.0,False
1,134,129,12.4,False
4,178,538,6.1,False
4,149,659,3.8,False
4,223,218,8.9,False
0,165,757,4.9,False
5,140,91,62.3,True
6,103,2,33.1,False
7,76,667,20.6,False
0,102,326,20.4,False
0,95,569,63.9,False
2,102,18,14.4,True
6,51,485,2.8,False
7,19,760,20.2,False
3,178,272,3.4,False
0,77,640,64.8,True
4,140,134,25.7,False
5,3,121,29.5,False
5,76,667,20.6,False
6,149,488,18.5,False
6,212,42,21.6,True
1,77,408,5.3,False
0,71,592,19.0,False
7,3,13,74.1,False
1,203,704,3.0,False
5,102,632,55.9,False
5,214,675,18.0,True
6,76,695,20.9,False
5,53,127,9.8,False
6,149,703,57.8,False
0,203,36,50.9,False
5,177,716,63.9,False
7,30,440,2.3,False
2,76,59,27.2,True
1,76,374,9.0,False
8,198,460,56.7,False
4,3,754,8.7,False
2,44,290,20.4,False
3,212,491,31.1,False
8,149,581,8.6,False
1,203,547,8.8,True
8,149,187,5.3,False
3,134,200,47.0,False
8,51,364,8.5,False
4,139,628,18.9,True
7,35,401,8.0,True
1,212,268,10.4,True
2,74,487,13.5,False
5,220,315,13.2,False
5,149,50,18.0,False
6,95,430,13.6,False
1,95,320,14.8,False
0,225,474,14.3,False
1,124,594,2.8,False
1,142,350,30.9,True
8,90,557,10.9,False
2,95,711,9.3,False
3,203,391,6.3,False
7,168,72,24.3,False
6,203,673,7.1,False
5,142,155,21.9,False
4,76,508,14.3,False
6,77,705,18.5,False
1,152,764,10.6,False
8,149,467,8.1,False
3,221,410,29.0,False
3,142,263,22.9,False
0,149,174,2.2,False
0,177,191,6.9,False
5,125,300,11.5,False
4,74,77,9.7,False
2,134,675,8.8,False
5,149,18,14.7,False
3,163,617,45.1,False
7,166,564,51.1,False
1,203,762,9.0,True
4,149,18,14.7,False
1,95,278,3.8,False
3,193,745,2.0,False
0,77,370,7.3,False
6,156,231,19.2,True
0,142,247,4.2,False
1,76,104,12.6,False
0,95,439,8.4,False
4,149,467,8.1,False
2,149,550,40.1,False
6,102,740,10.2,False
6,203,585,9.5,False
5,102,332,3.6,False
2,74,554,35.7,False
4,71,2,13.6,False
3,3,762,57.2,True
5,210,569,19.9,True
2,142,192,78.8,True
5,177,695,21.2,False
1,191,83,38.2,False
5,102,131,23.5,False
7,46,564,167.6,False
6,46,63,12.6,False
5,44,259,7.5,False
7,74,334,24.9,True
0,95,473,23.9,False
0,178,697,2.6,False
0,76,592,18.5,True
7,95,473,23.9,False
0,77,58,48.1,False
7,73,475,41.9,False
4,99,136,95.6,True
7,143,482,3.3,True
8,95,382,11.4,False
5,90,614,3.5,False
0,141,517,13.0,False
8,186,482,11.2,False
3,233,266,1.9,False
8,203,762,7.9,False
0,76,264,9.9,True
5,203,522,34.0,False
2,46,36,44.5,False
6,3,301,21.9,False
7,102,448,11.5,False
6,76,592,18.5,True
0,76,186,10.5,False
8,203,210,3.3,False
3,78,282,5.4,False
3,3,99,8.1,False
2,95,88,4.8,False
0,76,24,88.5,False
6,98,374,20.9,True
7,46,206,13.5,False
6,55,416,43.6,True
4,95,198,11.4,False
6,203,100,41.3,False
3,116,106,6.5,False
3,44,380,9.1,False
3,121,242,4.9,False
8,149,509,8.7,False
5,149,271,1.3,False
3,76,65,23.1,True
3,212,117,4.7,False
7,178,538,6.1,False
7,125,659,5.6,False
4,149,654,16.9,False
7,149,508,18.3,False
4,149,186,6.3,False
8,140,675,29.2,True
6,212,218,10.6,True
7,149,315,8.0,True
4,102,550,23.6,False
3,217,56,13.3,False
7,76,695,108.1,False
3,203,276,2.2,False
1,223,741,9.5,True
7,74,475,27.6,False
4,156,96,17.3,True
3,3,609,148.8,False
6,54,275,4.7,False
7,71,2,13.6,False
7,149,550,24.7,False
4,149,186,18.2,False
4,193,108,5.3,False
3,102,364,15.6,True
2,203,428,15.1,False
3,156,242,6.7,False
3,149,84,191.4,False
4,102,72,22.9,True
6,136,491,9.7,False
0,76,218,10.7,True
4,191,491,4.3,False
0,153,206,38.4,False
6,225,121,33.4,True
1,177,302,39.7,False
2,71,499,11.3,False
1,149,90,4.4,False
8,95,278,3.8,False
8,149,471,6.4,False
6,149,656,33.1,True
3,203,621,11.8,False
5,167,263,62.8,False
7,134,159,25.9,False
3,76,212,9.6,False
3,172,394,10.6,False
6,196,21,21.2,True
4,141,452,10.2,False
3,202,509,40.8,False
3,158,117,7.2,False
6,157,659,3.6,False
2,149,662,10.7,False
8,203,740,8.3,True
7,75,491,8.9,False
1,79,276,9.2,True
3,9,380,8.9,False
5,138,675,11.0,False
7,80,700,16.0,False
1,81,345,13.0,False
8,217,370,10.3,False
1,77,487,11.6,True
0,222,218,17.3,True
3,140,85,16.1,False
7,55,364,23.6,True
8,152,764,10.6,False
5,102,525,19.8,True
3,8,316,79.0,False
7,142,339,7.4,False
0,76,394,29.7,False
6,5,316,135.3,False
1,194,375,15.7,False
0,51,370,15.3,True
6,203,231,6.9,False
6,149,557,15.6,False
6,109,625,36.4,False
2,196,685,41.7,False
7,19,148,28.1,False
6,48,638,18.4,False
8,186,482,11.2,False
8,88,0,3.5,False
4,113,15,6.7,False
3,80,482,3.9,False
0,149,329,6.1,False
4,48,638,18.4,False
1,74,328,19.2,False
8,149,394,17.7,False
3,30,768,10.6,False
4,225,245,18.9,True
7,75,464,16.2,False
3,203,54,16.8,False
8,218,3,24.7,False
0,149,364,14.8,False
8,149,84,191.4,False
1,76,83,14.8,False
1,80,338,7.1,False
6,99,435,7.7,True
5,142,137,54.3,False
7,102,159,38.4,False
1,102,72,22.9,False
4,223,490,29.0,True
8,149,329,6.1,False
7,95,679,13.9,True
7,126,240,15.7,False
1,80,597,11.0,False
5,90,591,91.7,False
6,149,432,21.0,False
6,78,745,13.0,False
7,156,525,19.0,False
3,74,77,9.7,False
0,223,373,8.8,False
3,178,181,67.8,True
7,203,527,5.1,False
0,149,84,191.4,False
3,212,218,10.6,True
4,76,496,19.9,False
1,76,128,10.4,False
0,218,631,28.3,False
4,113,748,9.5,False
7,177,1,24.4,False
0,73,675,18.8,False
4,23,609,54.0,False
0,198,724,23.6,False
7,203,47,16.6,False
1,188,240,7.2,True
7,76,667,20.6,True
0,75,491,8.9,True
7,76,121,18.0,False
6,223,490,29.0,True
8,71,131,23.4,True
3,149,292,11.7,True
4,161,198,16.5,False
3,4,768,8.7,False
3,125,245,5.4,False
6,212,153,28.6,False
3,77,268,5.5,True
0,71,519,11.8,False
7,102,267,9.0,False
8,183,624,8.5,False
6,227,384,675.2,False
6,77,58,48.1,False
1,203,672,4.0,False
5,102,611,34.3,False
8,74,328,19.2,False
8,48,659,11.1,True
0,168,623,9.2,True
6,102,206,12.2,False
5,74,531,11.3,False
1,43,609,34.6,False
5,149,186,6.3,False
8,203,635,12.8,False
0,76,638,19.8,False
4,74,344,14.7,False
7,102,320,10.7,False
7,103,641,14.8,True
0,102,320,24.5,True
0,102,474,5.5,False
3,149,524,0.3,False
0,140,725,17.1,False
0,95,678,34.2,False
8,140,725,17.1,True
3,31,451,2.0,False
4,217,623,13.2,False
6,102,513,8.0,False
3,91,610,19.5,False
7,76,692,42.4,False
6,203,205,8.1,False
6,193,273,7.6,True
4,149,281,1.1,False
8,77,370,7.3,False
4,202,292,8.7,False
7,156,231,19.2,False
3,76,286,11.4,False
4,106,444,8.0,False
3,230,760,69.7,False
0,95,88,22.0,False
3,194,536,29.2,False
8,203,762,6.6,False
2,90,312,307.8,False
6,80,700,16.0,True
3,83,218,13.1,False
3,142,720,81.4,False
8,77,745,2.9,False
3,193,511,1.6,False
3,203,25,3.3,False
6,149,570,6.1,False
8,13,159,25.3,False
7,71,203,14.4,False
3,85,279,1.3,False
1,71,762,8.9,True
7,95,239,9.3,False
8,101,613,14.6,False
4,149,330,4.4,False
2,73,64,10.5,False
0,80,402,10.0,False
1,36,175,10.5,False
7,203,631,127.9,False
8,134,621,29.4,False
5,231,390,59.7,True
3,203,627,3.9,False
3,29,369,23.7,True
3,170,373,8.5,True
6,142,405,52.1,False
1,136,72,20.0,False
2,210,186,8.7,False
5,203,463,10.9,False
8,212,469,3.1,False
1,192,629,11.8,True
5,57,695,50.3,False
6,102,435,6.2,False
7,78,627,5.8,False
4,83,533,16.8,True
4,134,717,23.1,False
6,140,72,17.5,False
2,134,203,112.6,True
1,203,305,5.6,True
4,95,683,13.6,False
3,80,484,15.6,False
8,76,7,16.0,False
5,125,526,2.0,True
6,203,78,8.2,False
6,3,165,225.8,False
7,212,762,9.8,False
7,70,475,122.5,False
8,97,278,10.3,True
0,149,432,21.0,False
5,149,292,17.5,False
8,102,700,19.3,False
4,203,756,10.8,False
8,102,508,10.8,False
6,218,79,109.9,True
8,76,533,10.5,False
6,102,320,24.5,False
2,76,638,19.8,False
8,125,185,6.8,False
0,134,159,25.9,False
5,203,705,27.9,False
1,102,766,77.5,True
5,9,644,13.3,True
4,203,419,8.5,False
3,78,745,13.0,False
5,189,9,13.2,False
3,212,733,44.1,True
4,134,579,120.3,False
6,95,88,22.0,True
5,95,569,70.7,False
2,178,4,8.3,False
6,21,393,183.2,False
7,212,268,10.4,False
5,187,358,10.4,False
0,77,91,50.0,True
3,121,191,3.0,False
6,149,18,14.7,False
1,76,695,24.2,False
2,95,88,22.0,True
3,218,145,61.7,False
3,77,404,2.1,True
5,76,709,24.1,False
0,136,482,7.7,False
8,80,414,17.9,False
3,113,758,5.9,True
0,225,752,9.8,False
3,203,736,5.2,False
5,149,344,5.8,False
1,77,534,12.5,True
2,73,9,21.1,True
3,83,212,13.7,False
1,80,87,4.7,False
7,142,59,62.0,False
3,30,538,10.8,False
1,149,435,6.1,False
0,168,72,24.3,False
7,3,364,6.3,False
4,118,737,4.2,False
3,125,337,56.5,False
6,54,579,77.9,False
6,75,245,20.5,False
3,76,230,15.1,False
3,203,117,5.1,False
6,102,373,6.3,False
7,149,394,17.7,True
4,142,694,18.6,True
7,102,506,9.3,True
4,199,203,61.2,False
4,73,475,41.9,False
1,203,705,27.9,False
0,74,178,9.4,False
6,74,757,13.2,True
4,202,509,40.8,True
3,51,205,7.1,False
8,203,475,17.9,False
5,170,21,17.5,False
1,149,394,17.7,False
0,149,419,6.1,False
6,175,309,7.4,False
5,3,609,148.8,False
8,125,173,7.9,True
3,77,509,28.9,False
3,27,353,24.8,False
3,149,622,17.8,True
1,77,745,2.9,False
3,102,513,8.0,False
0,134,203,112.6,False
3,45,215,7.9,False
4,222,218,17.3,False
7,95,473,23.9,False
8,79,276,9.2,False
7,170,21,17.5,False
8,102,764,14.0,False
1,203,197,11.9,True
4,203,428,18.0,False
1,136,359,8.6,False
6,194,202,32.0,False
5,95,192,14.0,False
1,141,179,3.0,True
1,203,673,7.1,True
3,76,670,24.0,False
0,156,525,19.0,False
1,170,359,6.1,False
6,101,613,14.6,False
8,13,159,25.3,True
0,73,344,16.7,False
6,142,683,9.8,False
0,210,575,10.1,False
3,90,239,19.9,False
2,203,115,3.3,False
6,212,398,9.8,False
3,131,525,14.3,False
3,193,742,1.8,False
3,203,392,1.4,False
1,149,356,11.2,False
6,51,218,5.2,False
2,149,431,21.0,True
6,23,116,56.1,False
3,149,656,33.1,True
4,74,694,30.2,False
1,203,756,10.8,False
5,95,385,22.1,True
6,77,509,28.9,True
5,2,559,18.7,False
4,19,760,20.2,True
0,95,541,9.1,False
6,140,525,21.1,True
0,142,720,81.4,True
1,203,296,11.2,False
7,149,665,22.1,False
3,193,58,26.6,False
6,217,121,31.6,True
1,74,540,16.7,False
6,56,734,77.9,False
8,203,537,9.6,False
3,203,304,2.2,True
7,149,186,18.2,True
2,96,112,30.4,False
0,149,429,11.0,True
4,149,475,20.6,False
3,142,656,20.3,True
6,157,474,7.0,False
3,55,365,22.7,False
4,76,622,12.4,False
5,95,18,38.4,False
6,74,150,63.2,False
7,157,186,8.6,True
4,203,304,2.2,False
5,142,683,9.8,True
0,165,150,57.8,False
8,149,468,10.9,False
7,88,245,9.0,True
5,194,536,29.2,True
6,71,762,8.9,False
1,74,174,2.1,False
0,5,254,147.7,False
4,99,235,26.3,False
3,136,72,20.0,False
6,102,632,55.9,False
4,177,533,26.1,False
7,202,509,40.8,False
3,19,165,62.8,False
6,121,233,4.2,False
8,139,628,18.9,True
5,88,578,3.9,True
8,136,762,7.5,False
0,156,96,17.3,False
6,76,59,27.2,True
4,203,391,6.3,False
5,196,423,24.0,False
4,241,413,13.5,False
1,136,132,6.6,False
5,102,213,10.3,False
0,95,268,14.8,False
6,48,381,15.0,False
0,203,683,7.1,False
4,96,528,3.3,True
3,212,42,21.6,True
7,187,358,10.4,False
1,88,478,3.9,False
1,80,255,6.6,False
1,142,358,9.8,False
7,198,460,56.7,False
8,192,68,23.2,True
8,125,231,17.7,False
7,142,378,17.0,False
8,81,345,13.0,False
0,149,427,2.6,False
6,54,153,22.9,True
8,203,173,9.9,False
1,95,702,11.0,False
3,203,511,2.6,False
2,203,719,26.7,False
7,142,192,78.8,True
8,39,727,10.2,False
1,203,419,5.0,False
0,149,752,2.1,False
0,102,502,20.4,True
4,3,569,30.4,False
3,125,529,2.9,False
0,217,475,23.9,True
8,216,695,35.5,False
6,189,276,3.5,False
4,136,370,11.1,False
7,178,683,29.6,False
6,203,439,7.9,False
3,102,502,20.4,False
5,101,613,14.6,True
7,149,467,8.1,False
0,74,380,0.8,False
1,102,508,16.0,False
6,203,378,9.3,False
3,154,276,6.1,False
1,175,728,0.8,False
3,51,586,36.2,False
2,90,591,47.0,False
3,34,573,14.0,False
3,37,598,12.1,False
5,189,77,12.6,False
0,73,64,10.5,True
3,141,142,30.7,True
5,121,239,10.4,False
3,203,245,9.2,True
3,48,638,18.4,True
7,209,147,1.4,True
0,108,745,4.0,False
3,76,517,13.1,False
6,96,528,3.3,False
4,168,72,24.3,False
3,191,552,12.4,False
5,178,633,8.1,False
6,76,722,32.7,True
3,73,30,24.7,False
8,81,589,23.6,False
3,134,621,29.4,False
1,215,459,9.0,False
6,149,56,29.2,True
6,95,206,13.3,False
3,196,278,5.7,False
4,216,19,39.0,True
3,76,245,20.6,False
6,90,239,19.9,True
6,74,77,9.7,False
1,102,210,4.0,False
8,76,695,20.9,False
5,103,2,33.1,False
4,193,273,7.6,False
6,90,440,9.4,False
6,134,203,176.2,True
7,95,683,13.6,False
8,76,692,42.4,True
2,198,181,255.2,False
3,149,552,7.7,False
6,76,695,108.1,True
3,203,627,3.7,False
8,71,519,11.8,False
4,3,609,148.8,False
3,216,695,35.5,True
0,202,509,40.8,True
7,102,295,1.4,False
3,191,3,22.3,False
7,83,218,10.0,False
4,203,378,9.3,False
4,102,394,6.8,True
0,74,68,7.8,False
6,106,101,25.3,False
7,199,203,61.2,False
0,156,231,19.2,True
5,95,13,35.7,True
0,203,78,8.2,False
6,193,58,26.6,False
3,29,241,13.4,False
1,203,658,4.2,True
8,79,276,9.2,False
6,34,573,14.0,False
6,177,1,24.4,False
6,218,434,19.7,False
0,76,722,32.7,True
6,203,180,5.3,False
3,226,438,7.3,False
4,75,491,8.9,False
6,134,482,3.0,False
0,12,49,23.9,False
3,175,208,1.9,False
0,77,693,8.4,False
5,131,289,10.8,False
7,149,80,1.0,False
3,196,21,21.2,True
6,12,49,23.9,False
6,134,675,78.7,False
2,75,462,18.8,False
7,93,180,3.2,False
4,90,239,19.9,True
6,208,679,46.6,False
2,193,282,5.4,False
4,149,364,14.8,True
4,136,762,13.9,False
2,76,128,10.4,True
8,196,258,4.0,False
6,203,205,2.3,False
6,203,762,15.8,False
3,212,266,2.1,False
6,149,274,14.4,False
8,149,163,1.8,False
4,149,329,6.1,False
3,51,736,1.6,False
4,95,320,14.8,True
2,48,153,18.3,False
0,117,232,1.4,False
3,155,614,18.5,False
2,203,686,19.5,True
1,149,703,57.8,False
0,102,632,55.9,True
3,136,45,3.6,False
1,76,746,90.3,False
5,125,764,10.2,False
7,149,614,8.9,False
8,99,466,8.1,False
8,149,145,45.4,False
1,95,508,8.6,False
2,102,430,12.7,False
1,74,217,10.3,False
3,56,280,9.0,False
3,54,449,3.5,False
1,149,319,5.9,False
0,90,440,9.4,False
0,132,684,33.7,False
6,134,159,25.9,False
3,76,505,12.4,False
1,203,408,10.5,False
4,223,533,44.5,True
1,203,595,6.8,False
0,149,472,43.9,True
1,76,670,20.1,False
1,149,331,1.1,False
7,188,144,20.7,False
1,102,439,7.6,False
0,99,435,7.7,True
1,203,31,8.9,False
2,102,766,77.5,False
3,188,192,20.3,False
5,76,592,18.5,True
8,248,367,19.0,False
3,223,695,73.7,True
1,203,139,2.6,True
0,203,231,3.0,False
8,149,488,18.5,True
4,194,27,8.8,False
4,35,750,46.9,False
0,189,77,12.6,False
0,217,121,31.6,False
8,203,595,9.5,False
1,203,180,1.5,False
0,141,517,8.7,False
7,102,676,4.9,False
2,218,152,2.8,False
1,202,509,40.8,True
8,74,178,9.4,True
1,125,538,2.8,False
5,102,92,3.6,False
8,102,764,18.9,True
1,227,384,675.2,False
0,195,675,6.5,False
3,149,370,10.8,False
7,91,610,19.5,False
0,157,474,7.0,False
3,196,359,4.0,False
1,74,237,15.0,False
6,76,16,6.6,False
1,203,511,2.6,False
0,76,561,7.8,False
2,142,386,19.0,True
3,23,637,31.9,False
0,203,504,21.1,True
7,76,722,32.7,False
6,76,264,9.9,False
5,102,747,12.8,False
6,149,662,19.7,False
5,142,525,13.4,False
6,121,469,10.0,False
1,48,153,18.3,False
6,149,293,2.2,False
3,78,482,4.0,False
1,194,27,8.8,False
0,149,735,4.5,False
0,212,42,21.6,False
7,53,612,12.8,False
8,73,723,20.0,False
4,55,416,43.6,True
0,106,101,25.3,False
3,121,740,14.4,True
6,137,475,57.3,False
2,12,545,25.6,False
3,184,44,4.4,False
0,53,184,36.4,False
7,172,550,21.3,False
3,8,486,13.0,False
6,212,755,7.9,True
0,188,229,10.8,False
3,76,695,108.1,True
3,23,538,11.5,False
4,95,613,16.3,False
0,149,488,18.5,False
1,152,245,4.5,False
5,102,346,23.9,False
3,64,223,14.6,False
6,203,550,21.5,False
6,46,206,13.5,False
3,140,134,25.7,False
7,71,2,37.6,False
4,3,121,29.5,False
6,102,394,6.8,False
0,214,675,18.0,False
0,71,2,13.6,False
1,212,153,8.8,False
7,113,278,4.1,False
0,71,443,18.3,False
2,95,439,8.4,False
1,193,313,4.5,False
8,149,695,20.5,False
4,203,282,6.5,False
3,71,642,3.4,False
4,242,629,3.9,False
2,88,424,22.4,False
6,149,364,14.8,False
0,215,581,6.8,True
3,99,136,95.6,True
4,102,665,768.0,False
1,136,762,6.2,False
8,2,138,71.2,True
1,203,361,21.7,False
3,56,398,6.4,False
3,3,765,23.9,False
7,250,762,14.3,True
8,172,519,13.8,False
3,234,627,38.4,False
5,88,544,30.6,False
8,191,325,19.6,True
6,95,261,29.4,False
4,125,231,17.7,False
8,141,21,7.3,False
6,230,760,69.7,False
2,218,3,24.7,False
1,149,729,5.2,False
6,121,278,3.7,False
8,19,370,9.7,True
5,76,230,15.1,False
0,78,745,13.0,True
6,203,329,4.4,False
6,121,227,11.3,False
2,48,641,35.3,False
0,142,186,22.9,True
5,221,410,29.0,True
2,76,641,13.3,False
5,165,263,37.1,False
0,203,193,9.8,False
4,91,610,19.5,False
7,196,359,4.0,False
6,212,360,4.5,False
6,73,475,41.9,False
0,76,641,13.3,False
5,210,700,9.2,False
1,118,737,4.2,False
2,74,344,14.7,False
4,76,64,19.4,False
3,213,99,5.7,False
3,149,19,15.9,True
8,102,525,19.8,True
0,212,398,9.8,False
8,89,764,10.0,False
2,55,416,43.6,True
4,76,692,42.4,False
0,212,491,31.1,False
6,212,762,12.0,True
2,37,486,11.9,True
3,226,617,1515.7,False
4,89,764,10.0,False
3,149,55,30.7,False
6,225,245,18.9,False
6,203,762,9.0,False
0,77,509,28.9,True
6,125,764,18.1,True
0,217,368,51.3,False
4,95,764,8.8,False
8,89,764,10.0,True
8,178,697,2.6,False
0,34,208,15.0,False
0,76,40,10.6,False
2,177,533,26.1,False
3,172,117,4.4,False
3,191,260,3.3,False
3,102,206,11.9,False
6,179,324,8.4,False
6,225,378,18.1,True
8,88,327,25.0,False
6,188,240,7.2,False
5,97,554,26.9,False
0,149,18,11.3,False
1,149,218,13.6,False
0,77,20,2.3,False
6,102,762,26.8,False
6,135,207,99.8,False
6,82,512,81.4,False
4,76,7,16.0,False
8,89,389,21.0,True
7,218,721,38.2,False
0,172,550,21.3,False
0,102,740,10.2,False
1,172,30,24.6,False
6,50,153,12.5,False
2,197,165,77.0,False
6,191,498,12.4,False
5,102,500,25.2,False
6,95,569,63.9,False
8,136,491,9.7,False
6,100,449,10.5,False
6,107,579,69.6,False
3,23,609,54.0,False
8,74,68,7.8,False
8,83,218,10.0,True
4,3,762,57.2,True
1,203,686,19.5,False
3,88,282,41.3,False
0,149,386,23.1,True
3,212,184,32.5,True
0,76,561,7.8,False
3,48,659,11.1,False
1,149,394,17.7,False
3,51,286,7.9,False
4,102,231,9.5,False
7,73,695,71.5,False
4,162,198,10.6,False
5,102,448,11.5,False
4,225,378,18.1,True
3,223,533,44.5,False
3,149,273,2.6,False
3,83,153,31.1,True
7,73,344,16.7,False
6,102,507,32.0,False
2,149,472,43.9,False
5,136,231,4.9,False
6,142,694,18.6,False
0,92,742,9.3,False
8,193,610,11.1,False
5,212,535,10.6,False
4,203,319,17.1,False
7,106,101,25.3,False
5,223,452,13.6,False
4,134,203,176.2,False
3,178,538,6.1,False
3,49,106,2.3,False
8,149,644,5.8,False
4,194,536,29.2,False
5,223,533,44.5,False
4,149,508,18.3,False
4,48,684,26.3,False
7,140,91,62.3,True
6,203,361,21.7,False
4,197,165,77.0,False
7,80,597,11.0,True
5,212,440,4.4,False
2,204,474,6.5,False
2,76,692,42.4,True
3,212,762,9.8,True
1,70,464,9.6,False
6,242,629,3.9,False
6,77,321,110.0,False
8,102,54,15.9,False
3,128,72,14.9,False
8,231,21,45.7,False
7,28,226,59.8,False
2,198,724,23.6,False
7,102,18,14.4,False
6,35,750,46.9,False
0,136,231,4.9,True
1,90,698,3.1,False
4,203,47,16.6,False
3,125,482,1.4,False
0,125,690,12.0,False
7,248,367,6.5,False
0,33,20,1.3,False
3,203,282,6.5,False
3,102,72,24.8,False
4,203,213,15.8,False
1,149,695,30.9,False
6,134,364,7.3,False
1,134,388,18.6,True
0,203,305,5.6,False
8,203,282,6.5,False
5,149,56,5.2,False
3,223,66,7.7,False
8,29,241,13.4,True
4,95,206,13.3,False
1,213,182,5.1,False
0,76,695,20.9,True
1,125,493,14.3,False
0,188,67,11.0,False
1,203,282,6.5,False
4,212,218,10.6,True
2,203,319,17.9,True
4,95,569,63.9,False
6,121,740,14.4,True
5,218,303,23.3,False
1,203,153,12.7,False
7,218,378,11.0,False
6,139,628,18.9,True
8,234,627,38.4,False
5,95,506,13.6,False
1,149,662,10.7,False
0,191,742,8.3,False
4,149,435,6.1,False
7,149,509,8.7,False
2,149,695,20.5,False
5,203,621,4.0,False
7,149,467,8.1,False
5,90,473,24.9,False
4,149,431,21.0,False
3,74,402,12.0,False
4,218,762,9.8,False
5,149,56,29.2,True
2,46,63,12.6,False
4,102,159,38.4,False
6,76,83,14.8,False
4,106,72,13.4,False
3,188,240,7.2,False
0,106,444,8.0,False
3,3,242,11.8,False
4,142,686,14.3,False
8,131,289,10.8,False
6,90,370,8.9,False
6,102,448,11.5,False
7,38,261,109.2,False
4,149,51,8.7,False
1,149,234,1.2,False
7,152,248,3.3,False
7,203,718,33.4,False
6,193,77,12.8,False
0,223,182,12.9,False
1,99,136,95.6,True
6,46,36,44.5,False
2,149,111,18.8,False
4,149,713,21.3,False
6,177,410,26.2,False
3,196,423,24.0,False
4,140,72,17.5,False
1,188,229,10.8,False
5,223,490,29.0,False
2,149,675,19.2,False
3,250,41,4.0,False
8,76,286,11.4,False
0,142,683,9.8,False
8,113,764,10.5,True
7,95,385,22.1,True
3,203,719,8.9,False
4,134,159,25.9,False
3,97,203,8.8,False
5,83,479,85.7,False
7,142,155,21.9,False
4,76,722,32.7,True
7,76,622,12.4,False
0,79,53,12.7,True
6,176,224,13.9,False
3,203,708,17.7,True
6,203,640,13.4,False
3,153,19,17.9,False
1,76,732,8.4,False
2,90,613,15.5,False
3,51,42,24.3,False
4,203,316,165.4,True
8,178,697,2.6,False
1,203,462,15.3,True
6,106,701,40.3,False
8,134,718,11.2,False
6,76,561,7.8,False
4,149,111,18.8,True
8,102,435,6.2,False
1,225,752,9.8,False
4,149,700,14.3,False
4,132,684,33.7,False
3,50,153,12.5,True
3,223,440,19.3,False
6,194,27,8.8,False
3,102,621,5.5,False
0,223,348,25.8,True
3,167,263,62.8,True
2,149,580,46.9,False
1,46,63,12.6,False
3,102,474,5.5,False
5,218,687,14.7,False
2,90,350,19.5,False
0,45,456,7.4,False
1,149,336,8.3,False
3,100,528,1.0,False
6,45,732,11.9,False
8,152,364,15.5,False
0,134,718,11.2,False
2,81,64,33.7,False
7,217,368,51.3,False
3,203,27,8.7,False
6,140,189,24.3,False
1,218,90,7.9,False
5,102,507,32.0,False
4,79,276,9.2,False
4,16,707,6.5,False
3,30,440,2.3,False
1,102,320,10.7,False
6,102,276,1.7,False
8,203,261,42.4,False
4,198,460,56.7,False
0,142,386,19.0,True
3,83,533,16.8,False
6,161,708,24.8,False
6,44,440,6.3,False
8,136,182,15.3,False
3,79,276,9.2,True
4,149,488,18.5,False
1,149,767,1.6,False
7,96,240,19.6,True
3,210,139,7.4,False
3,21,116,59.5,False
6,149,415,33.5,False
7,229,157,6.3,False
7,118,74,6.9,False
0,76,27,21.0,False
8,36,94,30.7,False
3,102,298,1.2,False
0,218,344,7.0,False
6,203,282,6.5,False
6,79,641,47.7,True
7,80,484,15.6,False
0,134,475,58.7,False
7,125,135,3.0,False
8,102,206,11.9,False
8,140,9,26.7,False
1,142,13,13.2,False
6,76,276,3.1,False
6,203,319,17.1,False
0,95,76,2.0,False
3,169,21,18.5,False
4,78,745,13.0,False
7,102,72,10.2,True
6,102,502,20.4,True
1,220,315,13.2,False
1,99,686,11.6,False
1,12,49,23.9,False
8,149,561,3.8,False
5,74,757,4.2,False
7,140,538,21.0,False
3,102,72,10.4,False
4,51,218,5.2,False
6,76,757,4.7,False
6,203,683,7.1,False
1,203,180,5.3,False
3,161,270,7.6,False
1,144,675,8.7,False
3,238,21,20.5,True
2,127,769,8.2,False
7,149,467,2.0,False
3,51,276,3.4,False
1,203,504,21.1,False
7,76,218,10.7,False
8,203,325,13.1,False
4,83,467,6.8,False
3,203,291,11.7,False
0,71,499,11.3,False
7,142,475,69.6,False
6,149,581,8.6,False
6,203,304,2.2,False
1,74,408,4.2,False
3,71,766,24.3,False
3,3,36,25.4,True
0,76,496,19.9,False
5,198,549,10.3,False
4,149,415,33.5,False
6,95,206,5.9,False
3,44,440,6.3,False
1,149,740,6.6,False
6,37,598,12.1,False
5,161,198,16.5,False
7,133,643,13.4,True
0,223,695,73.7,False
6,199,203,61.2,False
1,142,551,11.8,False
3,173,594,3.9,False
4,97,679,26.4,False
8,36,610,17.5,False
2,216,19,36.5,False
4,223,21,10.6,False
4,98,374,20.9,False
5,95,261,29.4,False
1,102,665,768.0,False
2,76,496,19.9,False
3,199,203,61.2,True
8,203,78,8.2,False
3,175,594,5.4,False
5,68,33,84.4,False
6,198,640,29.8,False
0,149,274,7.5,False
1,149,487,11.4,False
7,14,747,14.4,False
7,149,368,6.1,False
2,199,203,61.2,False
8,149,507,5.2,False
8,149,520,16.7,False
1,34,334,14.6,False
5,102,686,13.3,False
3,142,683,9.8,True
1,149,19,15.9,False
0,97,278,10.3,False
6,202,509,40.8,True
7,76,743,4.8,False
4,191,742,8.3,False
4,102,206,11.9,True
4,77,705,18.5,False
2,149,51,8.7,False
1,95,183,2.4,False
4,95,13,35.7,True
6,70,680,20.8,False
4,149,602,21.9,False
5,212,268,10.4,True
1,203,739,4.8,False
0,102,258,7.1,False
1,203,231,7.1,False
4,240,394,11.0,False
7,180,176,12.6,False
7,203,739,4.8,False
1,203,704,3.4,False
8,142,686,14.3,False
7,218,611,37.1,False
6,134,475,58.7,False
8,102,513,8.0,False
6,210,569,19.9,False
2,134,582,18.5,False
2,40,239,6.0,False
5,35,60,2.5,False
3,149,739,4.4,False
1,149,543,0.5,False
8,212,360,4.5,False
0,141,491,4.1,False
2,67,433,94.1,False
3,173,562,6.8,False
0,196,21,21.2,False
8,175,595,11.7,True
3,203,640,13.4,True
1,102,10,4.2,False
5,37,147,4.3,False
2,38,261,109.2,False
6,149,675,19.2,False
1,198,640,29.8,False
6,99,136,95.6,False
5,74,475,27.6,False
6,73,64,10.5,False
8,133,478,21.2,False
1,125,231,17.7,False
6,134,621,29.4,False
6,188,144,20.7,False
7,76,59,27.2,False
7,250,41,23.7,False
7,113,529,9.4,False
4,203,305,5.6,False
2,76,695,20.9,False
1,80,592,8.8,False
2,113,748,9.5,False
6,39,727,10.2,True
6,71,2,13.6,False
1,95,252,2.4,False
7,195,675,6.5,False
1,188,718,26.2,False
8,34,334,14.6,False
1,149,508,18.3,True
8,24,276,4.9,True
7,34,666,36.6,False
3,52,380,8.1,False
1,149,746,17.6,False
1,203,186,11.5,False
5,89,103,19.3,False
8,91,610,19.5,False
3,149,265,8.8,False
2,178,181,67.8,False
1,152,520,11.8,False
7,76,264,9.9,False
0,118,72,29.1,False
4,189,77,12.6,False
8,102,18,14.4,False
0,223,47,7.8,False
3,41,436,21.6,False
6,149,394,17.7,True
3,136,648,3.6,False
1,203,20,4.7,True
4,102,258,7.1,False
0,149,570,6.1,False
2,125,18,17.2,False
6,20,639,1.4,False
0,76,709,24.1,False
6,225,294,2.6,False
0,102,94,31.9,False
8,203,395,6.3,False
1,203,36,48.1,False
8,95,508,10.6,False
8,203,55,12.4,True
7,217,368,51.3,False
3,112,244,9.2,False
8,188,729,4.2,False
6,141,452,10.2,False
0,71,560,76.2,False
5,19,763,24.7,False
5,125,659,5.6,False
1,88,15,2.7,False
1,217,121,31.6,True
8,80,359,5.2,False
6,149,419,6.1,False
5,177,533,14.2,False
8,178,683,29.6,False
0,203,119,12.6,False
2,149,468,10.9,True
6,140,121,29.1,False
7,218,367,9.8,False
0,113,748,9.5,False
7,80,641,22.7,False
8,95,385,22.1,False
1,91,610,19.5,False
7,36,49,9.7,False
1,149,700,14.3,False
1,203,180,1.9,False
4,76,276,3.1,False
1,149,695,20.5,False
3,149,329,6.1,False
3,193,77,12.8,True
8,203,27,8.7,False
7,192,68,23.2,False
0,149,56,29.2,True
6,104,570,9.4,False
7,149,305,6.4,False
0,149,343,43.6,False
8,149,13,19.2,False
6,203,672,2.4,False
1,203,752,0.8,False
2,194,202,32.0,True
8,102,547,3.7,False
1,102,741,11.0,False
7,155,614,18.5,False
3,142,192,78.8,False
3,203,610,24.7,True
3,149,90,11.9,False
3,212,251,45.8,False
0,81,474,2.5,False
5,134,379,29.3,False
8,75,245,20.5,True
6,203,180,12.3,True
8,55,416,43.6,False
1,80,403,13.6,False
5,102,502,20.4,False
3,178,708,32.8,False
7,95,764,14.7,True
3,149,581,8.6,False
6,102,231,9.5,False
7,149,739,14.3,True
2,95,614,13.2,False
4,149,614,8.9,False
0,142,43,38.9,True
4,127,769,8.2,False
1,212,655,12.5,False
3,203,719,26.7,False
7,225,474,14.3,True
5,188,718,26.2,False
7,83,218,5.7,False
6,76,667,20.6,False
7,79,276,9.2,False
4,210,569,19.9,False
5,142,350,30.9,True
6,212,268,10.4,False
6,149,472,43.9,False
6,57,695,50.3,False
0,3,13,74.1,True
1,76,212,9.6,False
6,188,468,9.0,False
4,73,56,12.0,False
4,203,186,8.9,True
6,92,742,9.3,False
0,203,740,8.3,False
1,95,382,11.4,False
7,71,560,76.2,True
5,134,159,25.9,False
6,83,218,13.1,False
6,77,268,5.5,False
2,149,414,12.2,False
7,19,763,24.7,False
6,149,218,13.6,False
4,209,119,7.7,False
7,203,683,7.1,False
6,140,231,16.2,False
3,241,413,13.5,False
7,76,7,16.0,True
4,149,13,19.2,False
7,44,290,20.4,False
8,149,296,2.0,False
1,102,620,0.8,False
0,223,490,29.0,False
4,149,675,19.2,False
6,203,245,9.2,False
1,95,553,12.7,False
8,217,56,13.3,False
6,51,627,14.3,False
5,90,167,10.1,False
6,77,640,64.8,False
1,149,450,13.0,False
3,203,7,12.3,False
1,95,683,13.6,True
4,102,258,8.3,False
1,203,261,42.4,False
4,95,261,29.4,False
2,71,668,6.1,False
3,44,276,11.8,True
3,249,412,22.4,True
2,223,763,29.1,False
3,120,278,1.7,False
4,217,121,31.6,True
0,76,429,7.2,False
2,102,547,3.7,False
4,55,364,23.6,False
6,74,334,24.9,False
6,95,13,35.7,True
8,136,359,8.6,False
7,18,62,45.7,False
4,146,684,40.7,False
7,217,362,4.9,False
4,203,205,2.3,True
2,149,256,60.8,False
8,140,231,16.2,False
1,149,614,8.9,True
6,203,686,19.5,False
6,203,756,10.8,False
6,76,692,42.4,True
2,95,134,15.0,False
3,149,736,2.0,False
7,136,182,15.3,False
3,45,97,15.1,False
3,7,124,7.0,True
3,212,440,4.4,False
1,149,561,3.8,False
6,6,491,14.0,False
3,168,72,24.3,False
0,48,659,11.1,False
4,90,440,9.4,False
1,203,316,165.4,False
4,92,742,9.3,False
1,157,659,3.6,False
7,203,287,6.2,True
8,39,727,10.2,False
4,46,36,44.5,True
3,149,56,5.2,False
2,142,686,14.3,False
7,76,747,13.0,False
1,203,319,4.8,False
5,140,538,2.0,False
6,188,88,13.3,False
4,76,561,7.8,False
4,216,695,35.5,False
8,71,2,13.6,False
8,140,579,58.1,False
8,102,326,20.4,False
4,157,99,11.7,False
3,90,350,19.5,False
0,149,265,2.1,False
4,76,116,130.7,True
4,30,363,4.1,False
4,188,88,13.3,False
0,74,1,11.0,False
4,149,274,14.4,False
8,230,760,69.7,False
1,203,698,3.1,False
1,203,595,9.5,False
8,165,263,37.1,False
4,23,116,56.1,False
8,95,641,12.5,False
4,203,482,9.3,False
7,54,567,5.4,False
4,198,503,11.9,False
3,102,676,4.9,False
3,55,416,43.6,True
1,203,205,8.1,True
8,95,572,7.3,False
3,57,695,50.3,False
3,102,72,22.9,False
4,142,683,9.8,False
3,137,765,16.6,False
1,196,757,4.6,False
8,218,569,11.3,False
4,223,762,7.7,False
0,149,218,2.6,False
0,177,533,14.2,False
1,203,700,3.0,False
7,149,557,15.6,False
8,90,557,10.9,True
3,71,762,8.9,False
5,212,262,9.2,False
8,102,547,3.7,False
8,102,547,10.7,False
8,203,36,48.1,False
0,192,398,4.4,False
6,168,623,9.2,True
8,191,621,5.8,False
8,76,116,130.7,False
1,109,625,36.4,True
0,149,570,6.1,False
0,83,212,13.7,True
4,230,760,69.7,False
6,102,508,27.5,False
5,203,462,15.3,False
5,95,326,23.0,True
7,169,21,18.5,False
3,77,540,89.4,False
5,23,286,5.3,False
3,229,157,6.3,False
3,223,21,10.6,False
6,156,96,17.3,True
3,223,288,12.5,False
4,212,268,10.4,False
5,149,694,27.1,False
6,153,206,38.4,False
1,99,468,6.3,False
1,186,482,11.2,False
8,102,596,3.6,False
3,95,13,12.4,False
3,196,685,41.7,False
2,13,121,60.6,False
6,188,718,26.2,False
7,50,685,18.3,False
6,81,64,33.7,False
8,74,321,28.2,True
6,177,695,21.2,False
6,97,278,11.8,False
4,175,208,1.9,True
5,201,6,3.7,False
2,77,509,28.9,True
2,188,136,91.9,False
2,134,718,11.2,False
1,160,117,7.1,False
4,77,664,10.3,False
1,149,600,14.9,True
7,76,24,88.5,False
7,203,762,9.0,False
1,218,762,9.8,False
3,51,286,4.6,False
3,226,715,29.8,False
2,223,162,12.9,False
7,223,182,12.9,False
7,113,748,9.5,False
7,76,116,130.7,True
1,149,265,8.8,False
8,136,491,9.7,False
7,74,1,11.0,False
3,209,645,6.0,True
4,76,230,15.1,False
5,95,750,21.0,False
1,188,292,12.1,False
6,46,564,167.6,False
5,203,264,81.8,True
2,88,46,11.6,False
6,217,623,13.2,False
2,203,54,16.8,False
1,76,743,4.8,False
3,149,218,13.6,False
1,149,431,21.0,False
7,74,222,23.6,False
3,76,99,8.2,True
7,89,764,10.0,False
4,102,502,20.4,True
3,80,333,22.3,False
7,102,766,77.5,False
7,140,121,29.1,True
8,97,679,26.4,False
0,172,367,4.2,False
0,175,595,11.7,True
6,80,322,26.0,False
3,102,510,5.6,False
2,202,509,40.8,True
7,90,473,27.3,True
0,102,618,1.1,False
7,39,727,10.2,False
3,1,430,24.2,False
0,89,102,7.5,False
3,212,153,28.6,True
5,62,21,21.2,False
7,212,218,10.6,True
4,140,121,29.1,False
1,51,364,8.5,False
3,160,117,7.1,True
8,125,228,9.0,False
3,88,764,7.5,False
6,3,13,74.1,False
8,125,493,14.3,False
6,13,159,25.3,False
2,140,525,10.2,False
1,203,282,6.5,False
0,188,468,9.0,False
6,76,670,24.0,False
8,149,700,14.3,False
3,51,485,2.8,True
1,203,291,11.7,False
1,136,762,13.9,False
1,102,159,38.4,True
8,172,117,4.4,False
5,81,589,23.6,False
7,90,370,8.9,False
7,30,363,4.1,False
7,223,533,44.5,False
5,129,642,13.5,False
5,203,719,8.9,False
0,96,117,3.7,False
6,203,660,8.1,False
7,93,386,11.6,False
3,76,218,10.7,True
7,81,64,33.7,False
7,225,325,25.6,False
3,177,1,24.4,False
6,178,181,67.8,False
1,168,72,24.3,False
2,225,245,18.9,False
8,217,475,23.9,False
6,67,555,93.3,False
4,203,640,13.4,False
6,96,112,30.4,False
6,95,18,38.4,False
3,102,72,10.2,False
2,172,519,13.8,False
7,55,416,43.6,False
8,149,180,5.1,True
3,90,312,307.8,False
4,149,358,14.6,False
3,76,276,3.1,True
5,88,764,7.3,False
3,203,762,8.1,False
4,113,764,30.6,False
6,212,733,44.1,True
1,102,282,12.4,False
1,216,19,39.0,False
4,196,423,24.0,False
3,212,398,9.8,False
4,73,595,9.5,False
8,102,508,16.0,False
1,102,513,8.0,False
3,172,99,5.1,False
8,149,415,33.5,False
8,76,712,98.2,False
0,232,645,10.3,True
0,149,727,3.1,False
3,139,695,18.0,False
5,80,414,17.9,True
1,48,659,11.1,False
4,106,613,20.9,False
4,102,18,14.4,False
0,71,56,20.6,False
4,134,505,9.7,False
6,24,276,4.9,False
4,149,432,21.0,False
4,83,153,31.1,True
6,95,678,34.2,False
1,51,370,15.3,False
5,198,503,11.9,False
3,196,517,11.6,False
0,206,378,8.6,False
6,95,473,23.9,False
8,113,748,9.5,False
6,140,525,10.2,False
2,74,150,63.2,True
7,218,634,9.7,False
6,76,40,10.6,False
5,88,764,13.6,False
4,77,509,28.9,True
4,71,2,37.6,False
1,212,733,44.1,True
3,197,116,68.6,False
5,95,401,6.4,False
3,56,745,5.4,False
4,102,206,12.2,True
1,134,717,23.1,True
5,175,6,14.7,False
4,142,386,19.0,True
1,149,186,18.2,True
0,158,419,4.9,True
8,149,168,23.4,True
4,76,264,9.9,False
7,136,762,13.9,False
1,203,186,8.9,False
1,77,321,35.4,True
3,225,752,9.8,False
3,149,488,18.5,True
3,51,275,2.5,False
1,125,191,13.7,False
2,73,475,41.9,False
3,77,487,11.6,False
3,73,595,9.5,False
4,203,762,9.0,False
0,203,113,15.6,False
7,203,595,9.5,True
7,203,319,17.1,False
1,203,231,6.9,False
0,81,496,17.0,False
6,203,305,5.6,False
0,98,258,1.7,False
8,156,231,19.2,False
1,80,482,3.9,False
5,102,764,15.8,False
5,76,533,10.5,False
8,73,121,17.7,False
3,212,364,8.1,False
3,149,308,2.0,False
7,142,186,22.9,False
3,55,286,6.5,False
1,141,452,10.2,False
6,95,385,22.1,False
1,203,172,1.1,False
3,212,491,8.3,False
0,203,585,9.5,False
3,50,316,29.1,False
2,203,718,33.4,False
4,30,5,24.7,False
6,47,391,14.6,False
2,178,387,84.3,False
5,102,550,23.6,False
4,212,153,28.6,False
8,203,585,9.5,False
8,95,563,7.3,False
5,203,282,6.5,False
7,74,740,9.9,True
5,196,6,11.4,False
4,244,235,117.2,False
8,125,529,2.9,False
6,71,499,11.3,False
0,113,15,6.7,False
0,196,359,4.0,False
0,203,65,68.9,False
6,177,191,1.9,False
8,203,548,5.6,False
6,204,474,6.5,False
0,74,219,73.1,False
0,218,283,3.9,True
3,203,329,4.4,True
6,8,116,139.4,False
8,191,108,3.2,False
6,223,533,44.5,True
3,134,203,73.6,False
0,74,77,9.7,False
2,142,720,81.4,False
6,149,207,177.9,False
0,149,69,8.6,False
8,223,699,6.7,False
3,121,227,11.3,False
0,142,699,21.2,False
0,203,74,8.6,False
2,149,654,16.9,False
7,12,49,23.9,False
7,142,42,26.8,False
0,210,721,12.3,False
4,102,762,26.8,False
5,125,337,56.5,False
1,131,289,10.8,False
3,76,592,18.5,True
4,191,325,19.6,False
4,79,53,12.7,False
3,217,623,13.2,True
3,196,348,33.4,False
0,95,476,31.0,False
8,212,363,12.7,False
6,95,18,17.4,False
6,81,589,23.6,False
1,234,627,38.4,False
5,149,19,38.2,False
7,113,15,6.7,False
1,125,481,5.7,True
3,178,482,10.7,False
4,149,494,15.6,False
8,212,569,11.6,True
4,121,740,14.4,True
6,55,370,13.1,False
8,74,222,23.6,False
8,149,557,15.6,False
0,149,618,4.0,False
5,177,1,24.4,False
5,89,764,10.0,False
3,59,757,3.6,False
7,203,264,81.8,True
3,140,579,58.1,False
1,76,747,13.0,False
7,95,764,8.8,False
3,121,278,1.2,False
7,149,550,21.5,False
0,45,732,11.9,True
5,95,473,23.9,False
3,178,683,29.6,False
3,48,99,3.8,False
1,102,435,6.2,False
1,208,501,69.0,False
4,96,112,30.4,False
5,74,686,12.7,False
0,95,593,8.6,False
6,76,429,8.0,False
0,225,378,18.1,False
6,149,550,40.1,False
0,203,522,34.0,False
2,149,570,6.1,False
1,169,21,10.3,True
7,225,762,6.9,True
1,140,189,24.3,False
6,134,475,26.9,False
5,125,740,7.6,True
3,203,656,9.2,False
3,136,401,6.0,True
8,203,439,7.9,False
3,149,364,3.9,False
0,149,723,9.9,False
4,88,764,7.3,False
7,97,268,13.6,True
4,82,512,81.4,False
0,73,722,22.3,False
3,156,525,19.0,True
3,250,759,1.5,False
2,176,224,13.9,False
3,8,237,104.8,False
4,45,475,24.5,False
0,83,533,16.8,False
6,203,454,67.3,False
5,223,441,1.1,False
6,76,52,14.2,False
0,51,493,7.3,True
2,90,370,8.9,False
2,218,230,17.7,False
3,102,700,19.3,False
1,125,206,19.0,True
5,71,2,13.6,False
1,177,410,26.2,False
6,197,165,77.0,False
6,178,387,84.3,False
6,149,364,3.9,False
3,216,367,14.5,False
1,203,319,20.3,False
3,149,205,2.6,False
0,235,447,2.5,False
1,77,132,2.3,False
6,149,429,11.0,True
4,149,292,11.7,False
8,198,606,2.5,False
1,95,88,4.8,False
7,3,35,16.8,False
5,3,57,9.8,False
0,171,467,6.7,False
2,217,475,23.9,False
8,95,764,14.7,True
8,36,94,30.7,False
3,176,224,13.9,False
6,136,182,15.3,False
4,23,754,9.8,False
1,149,587,2.4,False
7,3,609,148.8,False
0,210,700,9.2,False
5,223,530,7.6,False
5,102,72,10.2,False
3,186,612,17.4,False
3,136,762,13.9,False
4,223,695,73.7,True
4,73,344,16.7,False
8,212,762,9.8,True
0,81,589,23.6,True
8,149,163,7.1,True
4,76,414,12.1,False
6,223,27,3.6,False
6,99,671,36.0,True
0,188,240,7.2,False
1,71,766,24.3,True
0,212,391,6.0,True
4,218,284,20.1,False
1,149,494,15.6,False
1,95,246,2.7,True
1,134,475,33.0,False
7,95,206,13.3,False
2,149,370,8.4,False
3,223,373,8.8,False
7,149,296,2.0,False
4,178,419,16.1,False
0,102,206,12.2,False
3,12,49,23.9,True
4,140,525,21.1,False
4,102,213,10.3,False
1,149,446,1.0,False
3,19,760,20.2,False
5,102,245,7.8,True
3,203,595,12.7,False
0,149,435,6.1,False
1,102,267,9.0,True
1,149,180,1.6,False
2,106,701,40.3,True
8,98,374,20.9,True
3,48,420,7.4,False
6,203,547,4.6,False
6,149,163,7.1,False
8,95,278,3.8,False
1,140,161,18.1,False
6,223,330,12.7,False
4,168,623,9.2,False
0,39,727,10.2,False
4,149,570,6.1,False
6,168,72,24.3,False
7,34,573,14.0,False
0,203,120,4.7,False
8,193,54,8.0,False
3,88,266,2.7,False
3,121,681,13.4,False
3,73,121,21.7,False
7,140,161,18.1,False
6,95,320,14.8,True
3,81,627,11.1,True
7,76,213,1.4,True
5,35,574,9.3,False
6,157,231,8.1,False
0,52,609,63.5,False
3,3,165,225.8,False
3,225,121,33.4,False
4,149,468,10.9,False
5,203,100,41.3,False
6,234,627,38.4,True
7,102,258,7.1,False
6,76,116,130.7,True
7,135,207,99.8,False
6,203,54,16.8,False
2,21,393,183.2,False
4,46,63,12.6,False
3,102,320,10.7,False
1,134,159,25.9,False
5,102,700,19.3,False
6,142,263,22.9,False
1,95,151,69.5,False
6,76,479,113.5,False
4,247,128,11.1,False
5,244,235,117.2,False
5,95,764,14.7,True
4,212,733,44.1,True
7,95,71,4.4,False
0,203,762,15.8,False
8,149,429,11.0,False
8,106,701,40.3,False
7,194,375,15.7,False
5,208,501,69.0,True
4,152,364,15.5,True
0,203,54,16.8,False
3,14,747,14.4,False
3,51,606,3.0,False
7,73,56,12.0,False
4,169,21,18.5,False
1,80,483,5.6,False
7,149,55,30.7,True
4,141,117,4.9,False
2,203,36,50.9,True
7,73,475,81.6,True
3,214,675,18.0,False
6,113,748,9.5,False
3,76,96,10.0,False
7,219,212,3.2,False
7,122,147,2.2,False
1,76,670,24.0,False
3,55,364,23.6,False
0,76,64,19.4,False
6,96,240,19.6,False
6,125,306,7.1,False
0,182,715,28.3,False
0,221,410,29.0,False
8,212,218,10.6,True
6,212,205,9.3,False
1,73,121,21.7,False
0,3,35,16.8,False
2,74,141,34.3,False
0,95,672,2.0,False
6,202,292,11.8,False
0,149,368,6.1,True
3,5,316,135.3,True
7,203,705,27.9,True
2,71,686,13.4,False
4,95,649,29.2,False
5,41,631,79.2,False
3,77,106,3.2,False
7,95,252,2.4,False
5,185,125,1079.0,False
7,58,97,13.4,False
8,149,467,8.1,False
8,102,502,20.4,False
5,198,640,29.8,True
7,203,685,15.1,False
1,149,656,33.1,False
3,1,684,42.0,True
5,95,505,12.2,False
4,217,368,51.3,True
2,102,326,20.4,False
3,15,238,1.2,False
3,149,394,17.7,False
8,149,550,24.7,False
7,140,257,23.1,False
8,149,508,18.3,True
8,149,431,21.0,True
4,46,564,167.1,True
5,203,186,11.5,True
6,12,545,25.6,False
8,203,686,19.5,False
0,223,218,8.9,False
7,149,442,12.8,False
4,75,528,7.7,False
4,136,762,6.2,False
0,134,726,30.9,False
3,48,627,8.8,False
7,198,603,12.9,False
4,74,757,13.2,False
1,125,220,68.5,False
1,102,676,4.9,False
4,99,435,7.7,True
5,149,386,23.1,False
4,149,84,191.4,False
7,125,435,8.6,False
7,48,641,35.3,False
5,76,722,32.7,True
0,149,550,40.1,True
5,74,334,24.9,False
7,165,263,37.1,False
8,48,641,35.3,False
7,76,184,20.0,True
0,97,710,13.8,False
2,149,532,14.2,False
0,76,429,8.0,False
2,95,508,10.6,False
1,149,388,6.0,False
8,165,150,57.8,False
4,149,19,15.9,True
6,76,746,90.3,False
4,212,42,21.6,True
8,203,186,8.9,False
5,102,753,8.0,False
5,159,278,1.2,False
3,76,683,9.1,False
0,225,378,18.1,False
5,106,101,25.3,False
4,196,553,16.5,False
6,95,326,23.0,False
1,188,751,8.1,False
4,231,21,45.7,False
3,223,295,1.6,False
8,74,641,31.9,False
4,168,72,12.2,True
7,95,386,6.9,False
7,76,561,7.8,False
8,212,733,44.1,True
4,75,245,20.5,False
5,102,481,2.6,False
5,218,32,2.7,False
4,203,660,8.1,False
7,60,208,1.7,False
8,79,641,47.7,True
0,188,88,13.3,True
1,218,611,25.5,True
7,73,675,19.9,False
4,203,595,12.7,False
3,80,201,11.5,False
1,246,714,14.4,False
2,225,192,23.3,False
8,149,703,57.8,False
8,95,13,35.7,False
2,141,597,19.3,False
0,198,349,25.6,False
6,121,191,3.0,False
2,95,56,16.9,False
2,79,53,12.7,False
4,158,419,4.9,False
6,132,684,33.7,False
6,178,708,32.8,False
3,137,475,57.3,False
2,95,126,16.3,True
0,140,675,29.2,False
0,74,334,24.9,True
0,71,199,15.7,False
8,158,117,7.2,True
4,149,695,30.9,False
1,102,332,3.6,False
4,188,718,26.2,False
0,75,462,18.8,False
0,76,757,4.7,True
4,102,364,15.6,True
4,149,208,0.9,False
8,212,42,21.6,True
6,225,752,9.8,True
7,74,694,30.2,False
1,125,286,8.8,False
6,155,614,18.5,True
4,142,546,24.3,False
4,203,685,15.1,False
8,102,510,5.6,True
1,204,474,6.5,True
1,90,312,307.8,False
6,140,161,18.1,False
0,231,390,59.7,False
4,102,508,27.5,True
8,142,154,24.2,False
3,203,762,15.8,True
3,203,36,50.9,False
6,149,329,6.1,False
7,134,203,112.6,False
1,125,72,18.3,False
2,149,141,33.6,False
0,149,145,45.4,True
0,76,121,18.0,False
2,73,344,16.7,False
4,203,762,15.8,False
5,149,415,9.8,False
2,36,611,25.9,False
6,191,325,19.6,False
3,165,263,37.1,False
3,80,659,8.0,False
3,248,72,6.9,False
6,19,760,20.2,True
0,240,394,11.0,False
7,76,104,12.6,False
0,112,244,9.2,False
3,95,579,63.7,False
7,212,398,9.8,True
8,73,722,22.3,True
1,203,231,3.0,False
1,203,595,12.7,False
0,188,688,17.4,False
8,3,754,8.7,False
8,203,508,24.3,False
7,95,680,19.4,False
6,223,440,19.3,True
6,142,475,69.6,True
3,109,625,36.4,False
6,102,525,19.8,False
4,225,752,9.8,False
0,95,683,13.6,False
4,95,764,14.7,False
8,134,579,120.3,False
6,218,145,61.7,False
3,71,482,6.9,False
4,169,96,9.3,False
5,76,64,19.4,False
8,95,261,29.4,False
6,95,192,14.0,False
8,155,614,18.5,True
5,102,352,12.0,False
5,203,282,19.6,False
6,168,72,12.2,True
3,80,568,15.3,False
7,102,94,31.9,True
3,83,218,10.0,False
6,76,7,16.0,False
2,149,621,1.6,False
6,149,602,21.9,False
1,149,174,2.2,False
7,191,491,4.3,False
4,193,740,12.2,False
3,156,231,19.2,True
8,80,87,4.7,False
5,152,764,10.6,False
7,137,475,57.3,False
8,192,75,24.7,False
7,2,138,71.2,True
1,44,99,11.1,True
7,74,696,17.1,False
4,102,700,19.3,False
4,95,678,34.2,False
8,225,245,18.9,False
1,203,169,37.9,False
7,55,286,6.5,False
7,74,677,10.6,False
3,9,656,42.4,False
7,76,695,3.0,False
0,178,683,29.6,True
0,149,186,18.2,False
7,212,535,10.6,False
0,142,148,26.5,False
3,232,645,10.3,False
8,29,241,13.4,False
3,48,275,2.6,False
1,218,434,19.7,True
6,203,428,15.1,False
1,102,764,14.0,True
6,149,695,20.5,False
6,191,742,8.3,False
0,44,380,9.1,False
1,73,418,14.4,True
4,71,766,24.3,False
3,29,467,15.6,False
4,76,65,23.1,True
0,178,683,29.6,False
5,26,21,11.9,False
7,10,612,24.4,False
3,149,584,5.3,False
0,102,39,7.4,False
0,26,25,7.8,False
0,74,150,15.1,False
2,71,519,11.8,False
8,225,117,2.6,False
4,51,370,15.3,False
0,193,722,35.8,False
4,80,414,17.9,False
3,76,695,3.0,False
8,203,54,16.8,False
8,102,474,2.6,False
1,242,629,3.9,True
6,69,225,99.4,False
1,203,621,4.0,False
8,3,754,8.7,False
8,95,430,13.6,False
1,80,322,26.0,False
3,74,696,17.1,False
8,149,695,20.5,False
5,113,764,10.5,False
2,46,564,167.1,True
8,125,110,5.4,False
7,71,508,18.0,False
0,76,695,108.1,False
1,203,38,12.3,False
4,149,394,17.7,True
3,192,398,4.4,False
0,123,188,11.4,True
7,134,203,112.6,False
8,203,296,11.2,False
3,191,406,21.0,False
2,149,509,8.7,False
0,210,569,19.9,False
4,206,378,8.6,False
0,149,370,8.0,False
1,80,495,8.9,False
6,196,685,41.7,False
6,223,182,12.9,False
5,35,750,46.9,False
7,205,595,8.5,False
8,194,375,15.7,False
4,203,204,20.9,False
2,178,708,32.8,False
0,203,631,127.9,True
1,203,467,3.1,False
2,153,571,16.9,False
1,193,273,7.6,False
3,203,762,13.0,False
7,13,159,25.3,True
6,125,191,13.7,False
5,102,320,10.7,False
0,149,508,18.3,False
4,95,473,23.9,False
1,241,413,13.5,True
0,119,93,3.2,False
7,186,612,17.4,False
6,247,128,11.1,False
7,212,360,4.5,False
4,142,192,78.8,True
1,95,88,22.0,True
2,71,2,37.6,True
8,203,319,17.1,False
1,11,595,6.0,False
7,136,370,11.1,False
3,84,106,3.7,False
6,90,312,307.8,False
3,3,569,30.4,True
3,186,612,10.9,False
1,102,258,7.1,False
5,126,240,15.7,False
6,75,462,18.8,False
5,240,116,56.4,False
3,76,83,14.8,False
3,198,494,20.0,False
8,134,475,58.7,False
5,76,264,9.9,True
8,203,186,8.9,True
4,169,539,13.4,False
1,149,565,4.9,True
5,134,587,2.8,False
2,77,487,11.6,False
4,212,491,31.1,True
5,67,371,136.7,False
3,198,640,29.8,False
3,203,319,17.9,False
0,74,344,14.7,True
2,149,588,14.1,False
5,73,477,2.5,False
5,143,236,8.5,False
7,140,725,17.1,False
2,102,159,38.4,False
1,90,473,27.3,True
8,104,570,9.4,False
1,203,762,8.1,True
3,78,627,5.8,False
0,134,475,26.9,False
7,150,548,6.6,False
4,149,218,13.6,False
4,125,435,8.6,True
1,149,729,1.4,False
8,225,192,23.3,False
7,95,320,14.8,True
1,74,677,10.6,False
6,102,72,22.9,True
3,30,5,24.7,False
3,76,184,20.0,True
4,203,659,4.2,False
6,142,386,19.0,True
0,141,452,10.2,False
8,149,98,26.2,False
3,203,744,2.0,True
3,13,407,17.6,False
3,149,270,2.0,False
0,76,286,11.4,True
2,102,114,17.5,False
1,193,538,7.2,False
7,106,157,5.0,False
6,156,525,19.0,False
8,140,134,25.7,True
3,223,90,8.1,False
5,36,750,21.0,False
1,13,409,17.5,False
3,95,608,2.3,False
6,26,21,11.9,False
2,95,18,17.4,True
6,185,125,1079.0,False
4,50,153,12.5,False
5,198,460,56.7,False
6,54,695,23.6,False
3,203,537,9.6,False
6,48,153,18.3,False
2,48,684,26.3,False
3,149,659,3.8,False
0,106,72,13.4,True
1,149,675,7.7,True
7,119,122,13.4,False
3,178,590,14.1,False
1,213,421,10.6,False
5,102,320,24.5,False
1,149,258,1.5,False
6,203,762,6.6,False
4,185,125,1079.0,False
6,76,712,98.2,False
6,102,18,14.4,False
5,188,123,3.4,True
6,0,695,1520.3,False
3,102,245,9.8,False
3,203,683,7.1,True
8,95,683,13.6,False
6,191,491,4.3,False
6,198,460,56.7,False
5,98,374,20.9,True
5,89,190,1.6,False
3,54,153,22.9,True
6,55,364,23.6,False
2,223,684,58.6,False
5,130,578,5.4,False
0,76,692,42.4,False
5,212,469,3.1,False
6,38,261,109.2,False
7,76,757,2.5,False
3,188,718,26.2,False
4,95,558,16.5,False
8,80,68,10.9,False
5,95,522,12.0,False
6,7,492,17.9,False
5,102,268,8.8,False
6,212,208,5.9,True
7,53,184,36.4,False
4,73,627,8.6,False
3,97,394,8.6,False
3,113,748,9.5,False
5,76,370,5.0,False
3,191,211,8.6,False
6,102,258,8.3,False
4,73,723,20.0,False
8,212,762,9.8,False
4,140,394,7.5,False
3,0,695,1520.3,False
3,119,108,4.0,False
1,90,231,3.4,False
0,203,454,67.3,False
0,177,191,1.9,False
1,136,491,9.7,True
1,212,360,4.5,False
3,96,117,3.7,False
0,203,550,21.5,False
1,203,718,33.4,False
5,104,570,9.4,True
3,149,644,13.8,False
7,95,569,70.7,False
4,0,695,1520.3,False
4,188,240,7.2,False
3,2,683,15.4,False
3,99,435,7.7,False
8,142,156,14.3,False
0,81,525,17.9,False
4,140,154,38.2,False
6,203,261,42.4,False
5,198,203,19.5,False
8,90,370,8.9,True
0,77,106,5.8,False
0,13,121,60.6,False
8,73,367,15.8,False
3,75,245,20.5,True
3,203,316,165.4,True
1,217,445,7.2,False
5,134,129,12.4,False
4,104,570,9.4,False
3,43,609,34.6,False
6,218,3,24.7,False
2,203,361,21.7,False
3,67,631,38.1,False
3,191,325,19.6,False
0,73,56,12.0,False
1,149,468,9.0,False
5,95,342,220.4,False
7,80,495,8.9,False
4,142,186,22.9,True
2,74,402,12.0,False
7,142,656,20.3,False
7,125,690,12.0,True
8,203,316,165.4,False
1,157,249,19.4,False
5,149,265,4.6,False
7,76,695,20.9,False
3,138,595,9.8,False
7,203,656,34.2,False
1,196,21,21.2,False
3,211,163,4.1,False
0,194,536,29.2,False
2,99,671,36.0,True
5,125,493,14.3,True
0,76,359,1.8,False
3,32,650,7.5,False
0,76,230,15.1,False
3,199,397,1.6,False
8,102,282,21.8,False
2,27,321,64.1,False
3,98,258,1.7,False
7,212,107,9.7,False
6,74,554,35.7,False
1,74,49,14.5,True
6,95,683,13.6,False
3,203,216,0.9,False
8,121,682,32.4,False
0,203,186,8.9,False
0,77,664,10.3,True
6,149,654,16.9,False
5,95,579,63.7,False
5,149,741,12.7,False
1,203,248,1.3,False
2,149,450,13.0,False
3,113,15,6.7,False
0,3,609,148.8,True
4,81,290,17.6,False
1,95,439,8.4,False
8,102,700,19.3,True
3,193,108,5.3,False
7,19,29,31.4,True
7,55,370,13.1,True
4,141,517,13.0,False
7,142,579,32.0,False
5,208,679,46.6,True
6,87,307,1.2,False
7,107,579,69.6,True
7,203,115,3.3,False
3,149,695,20.5,False
8,142,186,22.9,True
0,99,136,95.6,False
5,196,553,16.5,True
3,142,186,22.9,True
3,212,27,2.5,False
0,102,508,27.5,False
6,134,203,112.6,True
2,102,621,5.5,False
8,203,482,9.3,False
3,51,606,10.1,False
6,203,732,5.1,False
4,90,370,8.9,False
1,165,263,37.1,False
2,142,475,69.6,True
0,198,181,255.2,False
0,203,13,11.6,False
3,134,475,26.9,False
0,203,400,10.7,False
3,169,539,13.4,True
6,193,722,35.8,False
5,67,34,105.1,False
4,63,684,56.9,False
1,8,316,80.3,False
4,196,685,41.7,False
5,66,81,81.1,False
4,76,592,18.5,True
7,138,675,11.0,False
1,203,386,9.1,False
1,218,145,61.7,True
7,168,623,9.2,False
3,179,364,9.0,False
5,95,56,14.0,False
6,76,104,12.6,False
2,73,1,20.1,False
8,72,108,4.9,True
6,73,56,12.0,False
7,98,374,20.9,False
7,198,549,8.4,True
6,223,695,73.7,False
6,76,622,12.4,False
4,88,478,13.8,False
3,149,207,177.9,False
3,250,158,2.9,False
7,203,180,9.4,False
2,74,68,7.8,True
1,198,394,8.3,False
1,71,131,23.4,False
3,225,470,13.1,False
1,102,245,7.8,False
2,141,142,30.7,True
8,149,383,26.4,False
7,73,475,41.9,False
8,74,344,14.7,True
7,83,153,31.1,False
3,100,293,2.5,False
5,171,623,6.7,False
1,212,42,21.6,False
6,13,321,52.7,False
7,1,684,42.0,True
3,80,700,16.0,True
5,188,292,12.1,False
3,102,547,10.7,False
5,149,550,24.7,False
0,126,521,9.7,False
7,95,579,63.7,True
4,179,324,8.4,False
3,51,768,11.7,False
6,70,475,122.5,False
0,77,321,110.0,False
4,40,440,2.1,True
3,72,108,4.5,False
1,218,634,9.7,False
7,76,64,19.4,False
4,142,350,30.9,False
0,134,579,120.3,False
1,102,245,4.0,False
4,157,231,8.1,False
0,140,231,16.2,False
6,149,13,19.2,False
0,149,109,36.5,False
1,217,623,13.2,False
3,225,325,25.6,False
4,125,206,19.0,True
0,214,675,18.0,True
4,97,191,9.9,False
8,99,613,9.9,False
3,203,36,48.1,False
3,108,491,6.5,False
7,75,245,20.5,False
7,203,508,24.3,False
6,76,22,3.8,False
3,56,455,13.4,True
7,102,72,22.9,False
7,102,525,19.8,False
2,149,706,3.7,False
3,86,32,0.7,False
6,172,394,10.6,False
0,203,595,12.7,False
5,51,627,8.5,False
7,188,136,91.9,True
8,102,511,2.9,False
5,107,579,69.6,True
1,193,77,12.8,True
3,95,13,35.7,True
8,149,19,15.9,False
6,192,629,11.8,True
5,149,198,11.4,False
6,146,684,40.7,False
4,165,263,37.1,True
0,95,56,16.9,False
0,149,415,33.5,True
6,149,84,191.4,False
0,188,144,20.7,False
1,149,95,12.7,False
4,225,192,23.3,False
3,149,509,8.7,False
7,149,602,21.9,False
5,95,569,63.9,True
6,178,683,29.6,False
5,113,641,21.7,False
6,196,348,33.4,False
1,102,320,24.5,True
7,152,245,4.5,False
8,213,659,3.4,False
1,102,508,27.5,False
4,134,621,29.4,False
4,102,355,7.5,False
0,149,581,8.6,True
6,139,695,18.0,False
2,203,428,18.0,True
0,134,203,176.2,True
1,149,422,18.3,False
2,77,640,64.8,True
3,136,762,7.5,False
1,125,435,8.6,False
6,102,449,3.5,False
8,73,609,33.7,False
2,149,383,26.4,False
6,102,282,12.4,False
2,203,55,12.4,False
6,77,664,10.3,False
4,47,391,14.6,False
2,100,192,38.4,False
7,142,43,38.9,False
1,77,651,12.6,True
6,102,364,15.6,False
8,76,722,32.7,False
7,99,671,36.0,True
5,125,163,9.1,False
3,102,762,26.8,False
1,203,660,8.1,False
0,125,764,18.1,False
3,119,293,3.2,False
1,102,231,9.5,True
4,212,762,9.8,True
4,136,182,15.3,False
2,203,585,9.5,False
3,154,99,29.2,False
3,171,467,6.7,False
6,113,764,30.6,False
3,149,468,9.0,False
8,149,133,1.4,False
8,71,766,24.3,False
6,48,641,35.3,False
5,218,631,28.3,False
2,118,74,6.9,False
3,76,747,13.0,True
8,97,710,13.8,True
6,81,290,17.6,True
4,142,405,52.1,False
3,74,150,15.1,True
5,115,601,13.9,False
7,30,182,4.4,False
5,165,341,43.1,True
0,80,322,26.0,True
7,218,687,14.7,True
7,30,768,10.6,False
6,74,694,30.2,False
8,102,326,20.4,False
8,138,311,2.6,False
0,102,577,9.2,False
6,191,83,38.2,False
1,134,718,11.2,False
2,217,121,31.6,False
4,212,398,9.8,False
3,23,116,56.1,False
8,77,404,2.1,False
2,203,454,67.3,True
6,175,594,5.4,False
0,97,268,13.6,False
2,203,291,11.7,False
7,223,762,7.7,False
4,95,505,12.2,False
5,125,690,12.0,False
3,169,96,19.1,True
1,203,173,5.7,False
7,223,441,1.1,False
8,203,264,81.8,False
5,218,79,109.9,True
1,203,475,9.9,True
3,3,545,17.3,False
7,96,112,30.4,False
6,198,203,19.5,False
7,71,715,12.3,True
2,149,207,177.9,False
4,134,203,73.6,False
0,102,72,22.9,False
6,193,740,12.2,True
1,203,511,4.2,True
6,102,355,7.5,False
1,76,104,5.3,False
1,203,347,5.0,False
6,149,431,21.0,False
1,74,487,13.5,False
6,99,278,1.4,False
4,149,656,33.1,True
1,225,613,10.5,False
6,77,91,50.0,False
6,48,684,26.3,False
3,74,222,23.6,False
0,74,475,27.6,False
0,74,509,11.8,False
7,203,749,9.6,False
1,149,520,16.7,False
3,203,348,23.9,False
1,134,399,9.6,False
6,44,99,41.3,False
8,136,661,9.1,False
0,3,762,57.2,True
4,192,419,2.5,False
2,203,685,15.1,False
1,217,368,51.3,False
1,149,461,12.9,False
4,74,402,12.0,False
1,203,453,5.7,True
8,198,595,7.3,False
0,76,414,12.1,False
4,102,577,9.2,False
1,149,73,11.7,False
3,51,277,9.2,False
7,76,732,8.4,False
2,149,461,12.9,False
0,203,762,6.6,False
5,177,410,26.2,False
8,191,663,11.9,False
2,76,65,23.1,True
6,165,341,43.1,False
3,76,496,19.9,False
5,40,465,6.7,False
8,14,699,10.1,False
4,2,138,71.2,True
3,73,367,15.8,False
1,149,761,1.0,False
7,212,491,31.1,False
1,149,377,4.9,False
3,57,598,9.8,False
5,102,764,14.0,False
3,26,21,11.9,False
5,102,505,9.5,False
5,125,163,6.2,False
0,168,72,12.2,True
5,149,415,33.5,True
3,225,474,14.3,True
1,210,139,7.4,True
8,149,55,30.7,False
4,203,153,12.7,False
3,51,197,6.9,True
2,90,694,16.3,False
8,149,618,4.0,False
6,83,533,16.8,False
7,125,185,6.8,False
8,140,59,26.8,False
8,212,364,8.1,False
6,225,192,23.3,False
8,217,445,7.1,False
7,22,368,48.0,False
6,95,764,14.7,False
3,168,72,12.2,False
8,163,12,11.7,False
7,203,231,6.9,False
2,203,319,20.3,False
3,73,239,22.9,True
3,140,150,40.3,False
3,194,581,4.0,False
6,46,564,167.1,True
7,105,350,13.8,False
1,80,523,21.0,False
7,156,96,17.3,False
1,81,474,2.5,False
2,149,565,4.9,False
1,54,370,7.6,False
0,149,70,13.7,False
6,203,208,2.2,False
4,207,210,4.3,False
0,193,231,11.5,False
8,38,261,109.2,False
6,142,247,4.2,False
1,74,1,11.0,False
5,211,198,10.9,False
0,74,689,0.6,False
5,102,355,7.5,False
0,102,282,12.4,True
5,95,702,11.0,False
2,140,161,18.1,False
8,149,364,14.8,True
6,165,263,37.1,True
5,11,595,11.5,True
3,191,83,38.2,False
8,134,159,25.9,False
3,212,360,4.5,False
3,196,337,14.1,False
1,149,133,1.4,False
6,80,672,2.1,False
8,203,428,15.1,False
3,76,667,20.6,False
5,95,505,8.5,False
7,203,36,50.9,False
1,98,374,20.9,True
8,102,159,38.4,False
0,99,764,9.9,False
7,102,762,26.8,False
3,225,294,2.6,False
7,223,533,44.5,False
6,30,656,46.0,False
7,140,538,21.0,False
8,212,733,44.1,False
8,73,64,10.5,False
6,225,245,16.5,False
1,149,426,15.9,False
3,99,691,9.7,False
2,80,322,26.0,False
1,161,140,3.3,False
6,189,77,12.6,False
1,149,329,6.1,True
7,244,235,117.2,False
0,160,117,7.1,False
0,118,285,1.4,False
0,149,163,7.1,True
7,48,166,19.5,False
0,225,245,18.9,False
6,223,276,9.7,False
1,194,525,7.8,False
7,23,538,11.5,False
4,141,142,30.7,True
6,102,326,20.4,False
5,217,368,51.3,False
8,106,613,20.9,False
4,223,440,19.3,True
8,88,544,30.6,False
2,32,518,45.5,False
6,102,245,4.0,False
3,102,511,2.3,False
2,74,77,9.7,False
0,76,402,16.3,False
8,73,475,81.6,False
3,218,378,11.0,False
7,73,9,21.1,False
5,134,699,11.2,False
7,177,533,26.1,False
1,149,468,10.9,True
8,80,474,2.8,False
5,76,508,14.3,False
3,197,165,77.0,False
6,32,518,45.5,False
4,149,56,29.2,True
4,101,613,14.6,False
2,70,475,122.5,False
6,141,517,13.0,False
6,53,355,14.2,False
6,80,414,17.9,False
0,74,141,34.3,False
0,74,154,19.4,False
8,74,150,15.1,False
5,121,681,13.4,False
0,55,275,16.3,True
3,51,314,8.9,False
0,191,83,38.2,False
8,76,508,14.3,False
5,67,82,143.8,False
0,76,747,13.0,False
0,98,335,13.1,False
5,142,405,52.1,True
3,203,672,1.9,False
3,149,205,1.9,False
6,8,652,84.1,False
1,101,217,20.5,False
8,125,209,10.0,False
4,48,153,18.3,False
0,149,468,10.9,True
6,102,700,19.3,False
1,74,77,9.7,False
5,149,432,21.0,False
8,139,695,18.0,True
6,149,695,30.9,False
8,175,239,6.8,False
2,196,348,33.4,False
6,203,762,8.1,False
3,77,640,64.8,False
3,213,164,15.8,False
6,50,685,18.3,False
4,102,326,20.4,False
5,209,119,7.7,True
3,203,673,7.1,True
6,51,606,10.1,False
3,149,550,40.1,True
6,95,649,29.2,False
8,203,475,9.9,False
1,137,475,57.3,False
2,140,675,29.2,False
3,19,29,31.4,False
3,30,491,2.9,False
3,47,391,14.6,True
7,102,364,15.6,False
6,203,47,16.6,False
0,125,206,19.0,True
8,203,762,3.2,False
4,142,475,69.6,True
7,12,49,23.9,False
8,196,21,21.2,False
0,141,538,13.5,False
6,140,134,25.7,False
4,102,632,55.9,False
6,73,344,16.7,False
3,149,197,2.7,False
