Category,Genres,Director,Vote_Count,Popularity,Winner
7,88,282,104,8.752,True
1,77,431,272,15.924,False
3,23,599,540,12.84,False
3,83,479,10234,85.728,True
8,95,268,45,5.376,False
8,225,378,1423,18.066,False
5,131,606,1,0.938,False
4,218,145,14584,61.749,False
4,73,64,1469,10.504,False
4,212,208,116,5.851,True
4,74,150,12224,63.155,False
6,74,150,1615,15.078,False
6,76,496,1830,19.864,False
8,94,143,570,12.949,False
6,222,218,1446,17.285,False
1,74,694,3237,30.243,True
4,102,525,955,19.833,False
6,95,579,13610,63.654,False
6,203,36,7032,50.911,False
0,225,121,4463,33.411,False
8,95,239,351,9.277,False
5,88,764,577,8.866,False
2,70,680,7558,20.806,True
4,203,205,96,8.146,True
1,81,372,6408,50.858,True
3,3,13,18212,74.069,True
5,134,430,199,8.481,False
8,155,614,2231,18.511,False
0,95,679,2510,13.897,False
3,193,218,168,11.392,False
4,97,278,245,11.771,False
4,134,364,106,7.261,True
7,223,276,144,9.702,True
2,102,618,22,1.146,False
1,175,208,22,1.909,False
0,149,256,81,60.818,False
7,19,116,33326,146.942,True
3,34,99,9,2.969,False
6,29,241,395,13.442,False
7,149,557,695,15.568,True
6,76,695,4601,24.168,False
8,80,597,195,11.001,False
0,80,483,38,5.607,False
3,19,116,33326,146.942,False
3,56,734,5652,77.941,False
2,196,199,1513,17.224,False
6,3,36,3233,25.413,False
4,79,641,10276,47.709,True
3,2,74,323,11.415,False
8,217,145,3660,13.012,False
1,134,129,320,12.381,False
4,178,538,42,6.142,False
4,149,659,38,3.768,False
4,223,218,69,8.859,False
0,165,757,83,4.935,False
5,140,91,10497,62.334,True
6,103,2,8372,33.072,False
7,76,667,1538,20.633,False
0,102,326,3657,20.442,False
0,95,569,11427,63.938,False
2,102,18,1678,14.357,True
6,51,485,30,2.773,False
7,19,760,1870,20.239,False
3,178,272,14,3.429,False
0,77,640,9306,64.795,True
4,140,134,5004,25.665,False
5,3,121,2076,29.493,False
5,76,667,1538,20.633,False
6,149,488,346,18.537,False
6,212,42,2201,21.558,True
1,77,408,54,5.273,False
0,71,592,1090,18.98,False
7,3,13,18212,74.069,False
1,203,704,25,2.959,False
5,102,632,13162,55.887,False
5,214,675,1767,18.046,True
6,76,695,3795,20.876,False
5,53,127,93,9.815,False
6,149,703,8388,57.814,False
0,203,36,7032,50.911,False
5,177,716,25,63.916,False
7,30,440,19,2.278,False
2,76,59,8314,27.233,True
1,76,374,177,8.959,False
8,198,460,11837,56.742,False
4,3,754,73,8.702,False
2,44,290,466,20.441,False
3,212,491,5511,31.099,False
8,149,581,182,8.603,False
1,203,547,174,8.769,True
8,149,187,44,5.277,False
3,134,200,7486,47.008,False
8,51,364,158,8.512,False
4,139,628,1892,18.88,True
7,35,401,187,7.98,True
1,212,268,188,10.433,True
2,74,487,590,13.514,False
5,220,315,461,13.199,False
5,149,50,1756,17.961,False
6,95,430,597,13.629,False
1,95,320,762,14.768,False
0,225,474,312,14.328,False
1,124,594,44,2.75,False
1,142,350,8157,30.898,True
8,90,557,726,10.91,False
2,95,711,1422,9.272,False
3,203,391,142,6.316,False
7,168,72,2620,24.252,False
6,203,673,69,7.088,False
5,142,155,4486,21.909,False
4,76,508,324,14.317,False
6,77,705,2001,18.529,False
1,152,764,350,10.602,False
8,149,467,74,8.139,False
3,221,410,5649,28.98,False
3,142,263,2955,22.883,False
0,149,174,17,2.234,False
0,177,191,156,6.887,False
5,125,300,756,11.462,False
4,74,77,263,9.717,False
2,134,675,158,8.808,False
5,149,18,1769,14.728,False
3,163,617,4968,45.113,False
7,166,564,4633,51.075,False
1,203,762,249,9.002,True
4,149,18,1769,14.728,False
1,95,278,23,3.84,False
3,193,745,9,2.019,False
0,77,370,98,7.26,False
6,156,231,1313,19.164,True
0,142,247,42,4.173,False
1,76,104,117,12.635,False
0,95,439,182,8.37,False
4,149,467,74,8.139,False
2,149,550,6703,40.07,False
6,102,740,205,10.24,False
6,203,585,320,9.481,False
5,102,332,37,3.618,False
2,74,554,2567,35.718,False
4,71,2,3355,13.559,False
3,3,762,2795,57.206,True
5,210,569,1701,19.852,True
2,142,192,12146,78.758,True
5,177,695,6848,21.181,False
1,191,83,11704,38.213,False
5,102,131,1843,23.466,False
7,46,564,25533,167.562,False
6,46,63,1060,12.625,False
5,44,259,69,7.538,False
7,74,334,8505,24.949,True
0,95,473,2820,23.945,False
0,178,697,26,2.581,False
0,76,592,2309,18.461,True
7,95,473,2820,23.945,False
0,77,58,3466,48.142,False
7,73,475,6878,41.875,False
4,99,136,17022,95.59,True
7,143,482,40,3.274,True
8,95,382,1489,11.363,False
5,90,614,56,3.535,False
0,141,517,749,12.99,False
8,186,482,244,11.208,False
3,233,266,30,1.899,False
8,203,762,172,7.913,False
0,76,264,2213,9.935,True
5,203,522,6978,34.042,False
2,46,36,13126,44.533,False
6,3,301,787,21.941,False
7,102,448,1489,11.506,False
6,76,592,2309,18.461,True
0,76,186,215,10.495,False
8,203,210,39,3.322,False
3,78,282,64,5.407,False
3,3,99,51,8.059,False
2,95,88,62,4.813,False
0,76,24,415,88.528,False
6,98,374,3005,20.851,True
7,46,206,221,13.524,False
6,55,416,4272,43.628,True
4,95,198,1111,11.385,False
6,203,100,1790,41.342,False
3,116,106,89,6.485,False
3,44,380,144,9.145,False
3,121,242,46,4.881,False
8,149,509,163,8.677,False
5,149,271,5,1.292,False
3,76,65,1711,23.141,True
3,212,117,21,4.681,False
7,178,538,42,6.142,False
7,125,659,57,5.627,False
4,149,654,1281,16.878,False
7,149,508,834,18.296,False
4,149,186,88,6.346,False
8,140,675,1425,29.234,True
6,212,218,637,10.635,True
7,149,315,108,7.966,True
4,102,550,2271,23.647,False
3,217,56,595,13.269,False
7,76,695,16099,108.119,False
3,203,276,2,2.23,False
1,223,741,536,9.462,True
7,74,475,5372,27.62,False
4,156,96,432,17.263,True
3,3,609,19291,148.769,False
6,54,275,44,4.742,False
7,71,2,3355,13.559,False
7,149,550,3171,24.708,False
4,149,186,1366,18.206,False
4,193,108,54,5.323,False
3,102,364,535,15.559,True
2,203,428,3293,15.065,False
3,156,242,73,6.676,False
3,149,84,115,191.374,False
4,102,72,2353,22.928,True
6,136,491,400,9.745,False
0,76,218,440,10.687,True
4,191,491,27,4.252,False
0,153,206,4419,38.366,False
6,225,121,4463,33.411,True
1,177,302,6315,39.728,False
2,71,499,1145,11.305,False
1,149,90,35,4.376,False
8,95,278,23,3.84,False
8,149,471,74,6.368,False
6,149,656,12137,33.125,True
3,203,621,146,11.761,False
5,167,263,10615,62.826,False
7,134,159,7290,25.863,False
3,76,212,70,9.628,False
3,172,394,211,10.595,False
6,196,21,1777,21.161,True
4,141,452,271,10.171,False
3,202,509,10569,40.769,False
3,158,117,109,7.2,False
6,157,659,32,3.639,False
2,149,662,223,10.742,False
8,203,740,255,8.304,True
7,75,491,206,8.923,False
1,79,276,111,9.235,True
3,9,380,165,8.928,False
5,138,675,311,11.025,False
7,80,700,1379,15.998,False
1,81,345,460,12.95,False
8,217,370,159,10.291,False
1,77,487,257,11.622,True
0,222,218,1446,17.285,True
3,140,85,1110,16.063,False
7,55,364,1121,23.577,True
8,152,764,350,10.602,False
5,102,525,955,19.833,True
3,8,316,13062,79.001,False
7,142,339,73,7.446,False
0,76,394,754,29.747,False
6,5,316,31823,135.26,False
1,194,375,1712,15.677,False
0,51,370,961,15.322,True
6,203,231,30,6.902,False
6,149,557,695,15.568,False
6,109,625,4704,36.351,False
2,196,685,3129,41.677,False
7,19,148,3282,28.079,False
6,48,638,1414,18.44,False
8,186,482,244,11.208,False
8,88,0,41,3.532,False
4,113,15,105,6.696,False
3,80,482,31,3.934,False
0,149,329,67,6.055,False
4,48,638,1414,18.44,False
1,74,328,2999,19.243,False
8,149,394,1550,17.733,False
3,30,768,133,10.554,False
4,225,245,698,18.873,True
7,75,464,1623,16.172,False
3,203,54,279,16.814,False
8,218,3,1515,24.66,False
0,149,364,992,14.812,False
8,149,84,115,191.374,False
1,76,83,732,14.773,False
1,80,338,922,7.099,False
6,99,435,176,7.68,True
5,142,137,10867,54.343,False
7,102,159,12028,38.389,False
1,102,72,2353,22.928,False
4,223,490,3843,29.017,True
8,149,329,67,6.055,False
7,95,679,2510,13.897,True
7,126,240,89,15.659,False
1,80,597,195,11.001,False
5,90,591,12570,91.687,False
6,149,432,1624,21.006,False
6,78,745,378,13.03,False
7,156,525,574,19.049,False
3,74,77,263,9.717,False
0,223,373,48,8.837,False
3,178,181,4007,67.757,True
7,203,527,69,5.114,False
0,149,84,115,191.374,False
3,212,218,637,10.635,True
4,76,496,1830,19.864,False
1,76,128,389,10.367,False
0,218,631,6019,28.326,False
4,113,748,405,9.478,False
7,177,1,3054,24.447,False
0,73,675,1943,18.841,False
4,23,609,5788,53.98,False
0,198,724,2651,23.59,False
7,203,47,691,16.593,False
1,188,240,81,7.219,True
7,76,667,1538,20.633,True
0,75,491,206,8.923,True
7,76,121,4121,18.02,False
6,223,490,3843,29.017,True
8,71,131,5845,23.399,True
3,149,292,784,11.734,True
4,161,198,2305,16.526,False
3,4,768,102,8.705,False
3,125,245,53,5.4,False
6,212,153,1155,28.637,False
3,77,268,73,5.501,True
0,71,519,238,11.753,False
7,102,267,36,9.031,False
8,183,624,249,8.47,False
6,227,384,1608,675.246,False
6,77,58,3466,48.142,False
1,203,672,18,3.999,False
5,102,611,4142,34.3,False
8,74,328,2999,19.243,False
8,48,659,190,11.123,True
0,168,623,219,9.18,True
6,102,206,365,12.194,False
5,74,531,113,11.275,False
1,43,609,3448,34.597,False
5,149,186,88,6.346,False
8,203,635,471,12.836,False
0,76,638,744,19.827,False
4,74,344,927,14.668,False
7,102,320,412,10.676,False
7,103,641,1290,14.807,True
0,102,320,3800,24.545,True
0,102,474,66,5.487,False
3,149,524,3,0.263,False
0,140,725,1754,17.071,False
0,95,678,7396,34.199,False
8,140,725,1754,17.071,True
3,31,451,4,1.958,False
4,217,623,980,13.18,False
6,102,513,110,8.041,False
3,91,610,2633,19.547,False
7,76,692,11319,42.437,False
6,203,205,96,8.146,False
6,193,273,141,7.572,True
4,149,281,2,1.057,False
8,77,370,98,7.26,False
4,202,292,114,8.735,False
7,156,231,1313,19.164,False
3,76,286,208,11.444,False
4,106,444,136,7.952,False
3,230,760,8031,69.708,False
0,95,88,1600,22.027,False
3,194,536,5571,29.191,False
8,203,762,129,6.578,False
2,90,312,1103,307.828,False
6,80,700,1379,15.998,True
3,83,218,306,13.091,False
3,142,720,26061,81.386,False
8,77,745,15,2.873,False
3,193,511,9,1.616,False
3,203,25,15,3.259,False
6,149,570,68,6.115,False
8,13,159,4376,25.258,False
7,71,203,389,14.409,False
3,85,279,10,1.274,False
1,71,762,396,8.883,True
7,95,239,351,9.277,False
8,101,613,1108,14.576,False
4,149,330,58,4.402,False
2,73,64,1469,10.504,False
0,80,402,274,10.035,False
1,36,175,472,10.487,False
7,203,631,27783,127.926,False
8,134,621,2631,29.384,False
5,231,390,17603,59.653,True
3,203,627,52,3.898,False
3,29,369,942,23.678,True
3,170,373,240,8.469,True
6,142,405,2611,52.118,False
1,136,72,1820,20.05,False
2,210,186,123,8.676,False
5,203,463,417,10.948,False
8,212,469,21,3.078,False
1,192,629,130,11.766,True
5,57,695,11269,50.319,False
6,102,435,111,6.178,False
7,78,627,223,5.793,False
4,83,533,1703,16.82,True
4,134,717,1354,23.091,False
6,140,72,1432,17.546,False
2,134,203,12647,112.575,True
1,203,305,126,5.605,True
4,95,683,847,13.567,False
3,80,484,412,15.645,False
8,76,7,1832,16.011,False
5,125,526,19,1.967,True
6,203,78,523,8.208,False
6,3,165,6170,225.798,False
7,212,762,257,9.775,False
7,70,475,24247,122.523,False
8,97,278,621,10.329,True
0,149,432,1624,21.006,False
5,149,292,1651,17.489,False
8,102,700,1758,19.344,False
4,203,756,215,10.826,False
8,102,508,185,10.849,False
6,218,79,18581,109.921,True
8,76,533,368,10.469,False
6,102,320,3800,24.545,False
2,76,638,744,19.827,False
8,125,185,89,6.798,False
0,134,159,7290,25.863,False
5,203,705,1110,27.901,False
1,102,766,4420,77.457,True
5,9,644,791,13.336,True
4,203,419,174,8.506,False
3,78,745,378,13.03,False
5,189,9,464,13.236,False
3,212,733,4061,44.075,True
4,134,579,28256,120.342,False
6,95,88,1600,22.027,True
5,95,569,18559,70.686,False
2,178,4,250,8.272,False
6,21,393,9505,183.215,False
7,212,268,188,10.433,False
5,187,358,195,10.38,False
0,77,91,16951,49.995,True
3,121,191,33,2.989,False
6,149,18,1769,14.728,False
1,76,695,4601,24.168,False
2,95,88,1600,22.027,True
3,218,145,14584,61.749,False
3,77,404,14,2.075,True
5,76,709,2873,24.096,False
0,136,482,209,7.657,False
8,80,414,1504,17.871,False
3,113,758,42,5.864,True
0,225,752,129,9.768,False
3,203,736,33,5.187,False
5,149,344,347,5.795,False
1,77,534,1615,12.547,True
2,73,9,1713,21.146,True
3,83,212,1102,13.725,False
1,80,87,30,4.726,False
7,142,59,5089,62.012,False
3,30,538,141,10.816,False
1,149,435,137,6.132,False
0,168,72,2620,24.252,False
7,3,364,46,6.271,False
4,118,737,15,4.232,False
3,125,337,11612,56.549,False
6,54,579,22494,77.935,False
6,75,245,352,20.527,False
3,76,230,990,15.145,False
3,203,117,49,5.087,False
6,102,373,83,6.308,False
7,149,394,1550,17.733,True
4,142,694,2171,18.628,True
7,102,506,1043,9.326,True
4,199,203,8322,61.249,False
4,73,475,6878,41.875,False
1,203,705,1110,27.901,False
0,74,178,314,9.356,False
6,74,757,139,13.25,True
4,202,509,10569,40.769,True
3,51,205,28,7.093,False
8,203,475,1110,17.949,False
5,170,21,1613,17.514,False
1,149,394,1550,17.733,False
0,149,419,27,6.111,False
6,175,309,67,7.4,False
5,3,609,19291,148.769,False
8,125,173,229,7.947,True
3,77,509,4279,28.892,False
3,27,353,1912,24.756,False
3,149,622,1081,17.79,True
1,77,745,15,2.873,False
3,102,513,110,8.041,False
0,134,203,12647,112.575,False
3,45,215,125,7.864,False
4,222,218,1446,17.285,False
7,95,473,2820,23.945,False
8,79,276,111,9.235,False
7,170,21,1613,17.514,False
8,102,764,3441,14.023,False
1,203,197,812,11.922,True
4,203,428,1168,17.956,False
1,136,359,72,8.562,False
6,194,202,3231,32.04,False
5,95,192,2109,14.046,False
1,141,179,24,2.999,True
1,203,673,69,7.088,True
3,76,670,1393,23.972,False
0,156,525,574,19.049,False
1,170,359,126,6.073,False
6,101,613,1108,14.576,False
8,13,159,4376,25.258,True
0,73,344,1764,16.69,False
6,142,683,272,9.838,False
0,210,575,301,10.095,False
3,90,239,2636,19.918,False
2,203,115,11,3.285,False
6,212,398,129,9.755,False
3,131,525,251,14.315,False
3,193,742,5,1.786,False
3,203,392,13,1.432,False
1,149,356,605,11.151,False
6,51,218,52,5.249,False
2,149,431,1634,20.957,True
6,23,116,16583,56.122,False
3,149,656,12137,33.125,True
4,74,694,3237,30.243,False
1,203,756,215,10.826,False
5,95,385,7173,22.103,True
6,77,509,4279,28.892,True
5,2,559,1909,18.674,False
4,19,760,1870,20.239,True
0,95,541,96,9.084,False
6,140,525,1089,21.142,True
0,142,720,26061,81.386,True
1,203,296,204,11.169,False
7,149,665,2773,22.129,False
3,193,58,4544,26.594,False
6,217,121,9657,31.65,True
1,74,540,1649,16.657,False
6,56,734,5652,77.941,False
8,203,537,428,9.635,False
3,203,304,35,2.154,True
7,149,186,1366,18.206,True
2,96,112,2902,30.399,False
0,149,429,263,11.006,True
4,149,475,1072,20.608,False
3,142,656,3661,20.302,True
6,157,474,49,6.958,False
3,55,365,435,22.718,False
4,76,622,909,12.375,False
5,95,18,1835,38.413,False
6,74,150,12224,63.155,False
7,157,186,94,8.636,True
4,203,304,35,2.154,False
5,142,683,272,9.838,True
0,165,150,12884,57.761,False
8,149,468,467,10.897,False
7,88,245,81,9.014,True
5,194,536,5571,29.191,True
6,71,762,396,8.883,False
1,74,174,14,2.111,False
0,5,254,20831,147.701,False
4,99,235,1443,26.321,False
3,136,72,1820,20.05,False
6,102,632,13162,55.887,False
4,177,533,2132,26.106,False
7,202,509,10569,40.769,False
3,19,165,8697,62.776,False
6,121,233,72,4.194,False
8,139,628,1892,18.88,True
5,88,578,71,3.941,True
8,136,762,126,7.502,False
0,156,96,432,17.263,False
6,76,59,8314,27.233,True
4,203,391,142,6.316,False
5,196,423,1406,23.987,False
4,241,413,111,13.517,False
1,136,132,80,6.57,False
5,102,213,597,10.269,False
0,95,268,370,14.801,False
6,48,381,347,15.019,False
0,203,683,89,7.131,False
4,96,528,21,3.336,True
3,212,42,2201,21.558,True
7,187,358,195,10.38,False
1,88,478,44,3.886,False
1,80,255,110,6.593,False
1,142,358,231,9.776,False
7,198,460,11837,56.742,False
8,192,68,1008,23.165,True
8,125,231,874,17.737,False
7,142,378,1091,16.976,False
8,81,345,460,12.95,False
0,149,427,16,2.551,False
6,54,153,2120,22.907,True
8,203,173,285,9.873,False
1,95,702,390,10.958,False
3,203,511,42,2.6,False
2,203,719,3723,26.714,False
7,142,192,12146,78.758,True
8,39,727,216,10.236,False
1,203,419,83,4.982,False
0,149,752,14,2.075,False
0,102,502,3270,20.394,True
4,3,569,3187,30.397,False
3,125,529,35,2.898,False
0,217,475,1366,23.863,True
8,216,695,4247,35.512,False
6,189,276,27,3.521,False
4,136,370,482,11.127,False
7,178,683,804,29.569,False
6,203,439,207,7.867,False
3,102,502,3270,20.394,False
5,101,613,1108,14.576,True
7,149,467,74,8.139,False
0,74,380,7,0.756,False
1,102,508,962,15.978,False
6,203,378,130,9.304,False
3,154,276,61,6.066,False
1,175,728,10,0.815,False
3,51,586,1844,36.201,False
2,90,591,5677,46.968,False
3,34,573,879,14.014,False
3,37,598,180,12.13,False
5,189,77,513,12.554,False
0,73,64,1469,10.504,True
3,141,142,10632,30.729,True
5,121,239,173,10.368,False
3,203,245,388,9.175,True
3,48,638,1414,18.44,True
7,209,147,11,1.35,True
0,108,745,43,3.988,False
3,76,517,471,13.112,False
6,96,528,21,3.336,False
4,168,72,2620,24.252,False
3,191,552,1476,12.383,False
5,178,633,129,8.12,False
6,76,722,8744,32.733,True
3,73,30,2516,24.655,False
8,81,589,2525,23.555,False
3,134,621,2631,29.384,False
1,215,459,124,9.025,False
6,149,56,6416,29.176,True
6,95,206,1064,13.293,False
3,196,278,43,5.688,False
4,216,19,15410,39.033,True
3,76,245,186,20.65,False
6,90,239,2636,19.918,True
6,74,77,263,9.717,False
1,102,210,37,3.972,False
8,76,695,3795,20.876,False
5,103,2,8372,33.072,False
4,193,273,141,7.572,False
6,90,440,68,9.376,False
6,134,203,20958,176.205,True
7,95,683,847,13.567,False
8,76,692,11319,42.437,True
2,198,181,1064,255.206,False
3,149,552,975,7.72,False
6,76,695,16099,108.119,True
3,203,627,39,3.66,False
8,71,519,238,11.753,False
4,3,609,19291,148.769,False
3,216,695,4247,35.512,True
0,202,509,10569,40.769,True
7,102,295,4,1.359,False
3,191,3,1478,22.342,False
7,83,218,147,10.047,False
4,203,378,130,9.304,False
4,102,394,157,6.812,True
0,74,68,363,7.834,False
6,106,101,3404,25.272,False
7,199,203,8322,61.249,False
0,156,231,1313,19.164,True
5,95,13,12870,35.672,True
0,203,78,523,8.208,False
6,193,58,4544,26.594,False
3,29,241,395,13.442,False
1,203,658,27,4.155,True
8,79,276,111,9.235,False
6,34,573,879,14.014,False
6,177,1,3054,24.447,False
6,218,434,9229,19.668,False
0,76,722,8744,32.733,True
6,203,180,141,5.28,False
3,226,438,207,7.311,False
4,75,491,206,8.923,False
6,134,482,38,2.964,False
0,12,49,1630,23.922,False
3,175,208,22,1.909,False
0,77,693,114,8.417,False
5,131,289,382,10.805,False
7,149,80,7,0.997,False
3,196,21,1777,21.161,True
6,12,49,1630,23.922,False
6,134,675,8835,78.749,False
2,75,462,3557,18.759,False
7,93,180,30,3.16,False
4,90,239,2636,19.918,True
6,208,679,14348,46.642,False
2,193,282,93,5.437,False
4,149,364,992,14.812,True
4,136,762,216,13.914,False
2,76,128,389,10.367,True
8,196,258,22,4.006,False
6,203,205,31,2.302,False
6,203,762,271,15.843,False
3,212,266,14,2.146,False
6,149,274,300,14.438,False
8,149,163,11,1.833,False
4,149,329,67,6.055,False
3,51,736,17,1.606,False
4,95,320,762,14.768,True
2,48,153,291,18.319,False
0,117,232,11,1.432,False
3,155,614,2231,18.511,False
2,203,686,1167,19.549,True
1,149,703,8388,57.814,False
0,102,632,13162,55.887,True
3,136,45,37,3.624,False
1,76,746,227,90.321,False
5,125,764,309,10.212,False
7,149,614,163,8.851,False
8,99,466,187,8.09,False
8,149,145,3991,45.377,False
1,95,508,271,8.627,False
2,102,430,232,12.72,False
1,74,217,211,10.327,False
3,56,280,133,8.978,False
3,54,449,23,3.491,False
1,149,319,69,5.896,False
0,90,440,68,9.376,False
0,132,684,5678,33.722,False
6,134,159,7290,25.863,False
3,76,505,520,12.434,False
1,203,408,213,10.515,False
4,223,533,4587,44.505,True
1,203,595,23,6.754,False
0,149,472,3468,43.867,True
1,76,670,1226,20.138,False
1,149,331,19,1.081,False
7,188,144,2562,20.672,False
1,102,439,95,7.591,False
0,99,435,176,7.68,True
1,203,31,737,8.879,False
2,102,766,4420,77.457,False
3,188,192,2694,20.29,False
5,76,592,2309,18.461,True
8,248,367,725,18.962,False
3,223,695,16003,73.675,True
1,203,139,34,2.563,True
0,203,231,10,2.988,False
8,149,488,346,18.537,True
4,194,27,102,8.798,False
4,35,750,14928,46.908,False
0,189,77,513,12.554,False
0,217,121,9657,31.65,False
8,203,595,117,9.51,False
1,203,180,8,1.499,False
0,141,517,250,8.653,False
7,102,676,48,4.947,False
2,218,152,20,2.814,False
1,202,509,10569,40.769,True
8,74,178,314,9.356,True
1,125,538,46,2.806,False
5,102,92,22,3.64,False
8,102,764,3741,18.944,True
1,227,384,1608,675.246,False
0,195,675,137,6.503,False
3,149,370,150,10.844,False
7,91,610,2633,19.547,False
0,157,474,49,6.958,False
3,196,359,37,4.032,False
1,74,237,533,15.036,False
6,76,16,80,6.617,False
1,203,511,42,2.6,False
0,76,561,183,7.799,False
2,142,386,16502,18.959,True
3,23,637,3956,31.879,False
0,203,504,1454,21.068,True
7,76,722,8744,32.733,False
6,76,264,2213,9.935,False
5,102,747,251,12.783,False
6,149,662,595,19.704,False
5,142,525,519,13.362,False
6,121,469,292,9.963,False
1,48,153,291,18.319,False
6,149,293,2,2.2,False
3,78,482,23,3.955,False
1,194,27,102,8.798,False
0,149,735,74,4.49,False
0,212,42,2201,21.558,False
7,53,612,322,12.785,False
8,73,723,8264,19.984,False
4,55,416,4272,43.628,True
0,106,101,3404,25.272,False
3,121,740,320,14.355,True
6,137,475,3431,57.295,False
2,12,545,6973,25.63,False
3,184,44,47,4.352,False
0,53,184,7674,36.37,False
7,172,550,2970,21.326,False
3,8,486,947,12.994,False
6,212,755,279,7.865,True
0,188,229,1163,10.847,False
3,76,695,16099,108.119,True
3,23,538,201,11.545,False
4,95,613,600,16.261,False
0,149,488,346,18.537,False
1,152,245,58,4.508,False
5,102,346,1417,23.946,False
3,64,223,489,14.608,False
6,203,550,3495,21.462,False
6,46,206,221,13.524,False
3,140,134,5004,25.665,False
7,71,2,9077,37.63,False
4,3,121,2076,29.493,False
6,102,394,157,6.812,False
0,214,675,1767,18.046,False
0,71,2,3355,13.559,False
1,212,153,157,8.751,False
7,113,278,20,4.111,False
0,71,443,2078,18.341,False
2,95,439,182,8.37,False
1,193,313,42,4.492,False
8,149,695,1798,20.528,False
4,203,282,61,6.527,False
3,71,642,60,3.447,False
4,242,629,49,3.909,False
2,88,424,5432,22.4,False
6,149,364,992,14.812,False
0,215,581,103,6.808,True
3,99,136,17022,95.59,True
4,102,665,913,768.016,False
1,136,762,142,6.224,False
8,2,138,6731,71.181,True
1,203,361,3090,21.733,False
3,56,398,70,6.402,False
3,3,765,1640,23.936,False
7,250,762,356,14.251,True
8,172,519,500,13.789,False
3,234,627,3314,38.44,False
5,88,544,4382,30.587,False
8,191,325,1504,19.598,True
6,95,261,8565,29.384,False
4,125,231,874,17.737,False
8,141,21,237,7.256,False
6,230,760,8031,69.708,False
2,218,3,1515,24.66,False
1,149,729,52,5.249,False
6,121,278,19,3.723,False
8,19,370,536,9.695,True
5,76,230,990,15.145,False
0,78,745,378,13.03,True
6,203,329,50,4.375,False
6,121,227,357,11.27,False
2,48,641,5445,35.272,False
0,142,186,1591,22.899,True
5,221,410,5649,28.98,True
2,76,641,1181,13.255,False
5,165,263,12193,37.113,False
0,203,193,664,9.803,False
4,91,610,2633,19.547,False
7,196,359,37,4.032,False
6,212,360,48,4.486,False
6,73,475,6878,41.875,False
0,76,641,1181,13.255,False
5,210,700,217,9.209,False
1,118,737,15,4.232,False
2,74,344,927,14.668,False
4,76,64,2304,19.442,False
3,213,99,37,5.666,False
3,149,19,3909,15.931,True
8,102,525,955,19.833,True
0,212,398,129,9.755,False
8,89,764,622,9.952,False
2,55,416,4272,43.628,True
4,76,692,11319,42.437,False
0,212,491,5511,31.099,False
6,212,762,657,12.042,True
2,37,486,521,11.856,True
3,226,617,1789,1515.687,False
4,89,764,622,9.952,False
3,149,55,7076,30.707,False
6,225,245,698,18.873,False
6,203,762,249,9.002,False
0,77,509,4279,28.892,True
6,125,764,3911,18.062,True
0,217,368,7940,51.292,False
4,95,764,878,8.763,False
8,89,764,622,9.952,True
8,178,697,26,2.581,False
0,34,208,339,15.0,False
0,76,40,352,10.594,False
2,177,533,2132,26.106,False
3,172,117,13,4.39,False
3,191,260,39,3.316,False
3,102,206,405,11.872,False
6,179,324,112,8.398,False
6,225,378,1423,18.066,True
8,88,327,2566,24.992,False
6,188,240,81,7.219,False
5,97,554,3666,26.899,False
0,149,18,1240,11.276,False
1,149,218,178,13.556,False
0,77,20,16,2.338,False
6,102,762,2063,26.838,False
6,135,207,17741,99.83,False
6,82,512,17128,81.408,False
4,76,7,1832,16.011,False
8,89,389,1607,21.007,True
7,218,721,7842,38.203,False
0,172,550,2970,21.326,False
0,102,740,205,10.24,False
1,172,30,1366,24.637,False
6,50,153,338,12.456,False
2,197,165,17926,77.01,False
6,191,498,667,12.45,False
5,102,500,2441,25.223,False
6,95,569,11427,63.938,False
8,136,491,400,9.745,False
6,100,449,183,10.489,False
6,107,579,26444,69.558,False
3,23,609,5788,53.98,False
8,74,68,363,7.834,False
8,83,218,147,10.047,True
4,3,762,2795,57.206,True
1,203,686,1167,19.549,False
3,88,282,1636,41.262,False
0,149,386,4270,23.087,True
3,212,184,2594,32.491,True
0,76,561,183,7.799,False
3,48,659,190,11.123,False
1,149,394,1550,17.733,False
3,51,286,244,7.855,False
4,102,231,166,9.544,False
7,73,695,15804,71.483,False
4,162,198,330,10.638,False
5,102,448,1489,11.506,False
4,225,378,1423,18.066,True
3,223,533,4587,44.505,False
3,149,273,27,2.636,False
3,83,153,3058,31.092,True
7,73,344,1764,16.69,False
6,102,507,2711,32.03,False
2,149,472,3468,43.867,False
5,136,231,67,4.947,False
6,142,694,2171,18.628,False
0,92,742,468,9.338,False
8,193,610,594,11.093,False
5,212,535,435,10.582,False
4,203,319,764,17.08,False
7,106,101,3404,25.272,False
5,223,452,661,13.568,False
4,134,203,20958,176.205,False
3,178,538,42,6.142,False
3,49,106,18,2.265,False
8,149,644,45,5.771,False
4,194,536,5571,29.191,False
5,223,533,4587,44.505,False
4,149,508,834,18.296,False
4,48,684,2851,26.265,False
7,140,91,10497,62.334,True
6,203,361,3090,21.733,False
4,197,165,17926,77.01,False
7,80,597,195,11.001,True
5,212,440,23,4.439,False
2,204,474,174,6.534,False
2,76,692,11319,42.437,True
3,212,762,257,9.775,True
1,70,464,1269,9.604,False
6,242,629,49,3.909,False
6,77,321,220,110.006,False
8,102,54,331,15.895,False
3,128,72,373,14.884,False
8,231,21,10179,45.715,False
7,28,226,4605,59.791,False
2,198,724,2651,23.59,False
7,102,18,1678,14.357,False
6,35,750,14928,46.908,False
0,136,231,67,4.947,True
1,90,698,21,3.051,False
4,203,47,691,16.593,False
3,125,482,15,1.405,False
0,125,690,431,12.03,False
7,248,367,61,6.527,False
0,33,20,12,1.283,False
3,203,282,61,6.527,False
3,102,72,1241,24.806,False
4,203,213,1876,15.8,False
1,149,695,2372,30.945,False
6,134,364,106,7.261,False
1,134,388,609,18.609,True
0,203,305,126,5.605,False
8,203,282,61,6.527,False
5,149,56,83,5.179,False
3,223,66,78,7.677,False
8,29,241,395,13.442,True
4,95,206,1064,13.293,False
1,213,182,54,5.091,False
0,76,695,3795,20.876,True
1,125,493,283,14.341,False
0,188,67,93,10.99,False
1,203,282,61,6.527,False
4,212,218,637,10.635,True
2,203,319,538,17.878,True
4,95,569,11427,63.938,False
6,121,740,320,14.355,True
5,218,303,1816,23.349,False
1,203,153,630,12.664,False
7,218,378,94,11.022,False
6,139,628,1892,18.88,True
8,234,627,3314,38.44,False
5,95,506,1141,13.604,False
1,149,662,223,10.742,False
0,191,742,72,8.264,False
4,149,435,137,6.132,False
7,149,509,163,8.677,False
2,149,695,1798,20.528,False
5,203,621,61,4.033,False
7,149,467,74,8.139,False
5,90,473,5205,24.874,False
4,149,431,1634,20.957,False
3,74,402,1174,12.031,False
4,218,762,200,9.848,False
5,149,56,6416,29.176,True
2,46,63,1060,12.625,False
4,102,159,12028,38.389,False
6,76,83,732,14.773,False
4,106,72,607,13.437,False
3,188,240,81,7.219,False
0,106,444,136,7.952,False
3,3,242,142,11.838,False
4,142,686,397,14.34,False
8,131,289,382,10.805,False
6,90,370,382,8.904,False
6,102,448,1489,11.506,False
7,38,261,9491,109.25,False
4,149,51,395,8.678,False
1,149,234,1,1.21,False
7,152,248,36,3.274,False
7,203,718,1020,33.359,False
6,193,77,890,12.797,False
0,223,182,334,12.898,False
1,99,136,17022,95.59,True
6,46,36,13126,44.533,False
2,149,111,3015,18.801,False
4,149,713,3303,21.295,False
6,177,410,4544,26.245,False
3,196,423,1406,23.987,False
4,140,72,1432,17.546,False
1,188,229,1163,10.847,False
5,223,490,3843,29.017,False
2,149,675,647,19.193,False
3,250,41,67,4.0,False
8,76,286,208,11.444,False
0,142,683,272,9.838,False
8,113,764,686,10.492,True
7,95,385,7173,22.103,True
3,203,719,614,8.894,False
4,134,159,7290,25.863,False
3,97,203,567,8.791,False
5,83,479,10234,85.728,False
7,142,155,4486,21.909,False
4,76,722,8744,32.733,True
7,76,622,909,12.375,False
0,79,53,304,12.73,True
6,176,224,835,13.896,False
3,203,708,1028,17.706,True
6,203,640,342,13.395,False
3,153,19,976,17.91,False
1,76,732,77,8.421,False
2,90,613,826,15.455,False
3,51,42,1792,24.255,False
4,203,316,25627,165.436,True
8,178,697,26,2.581,False
1,203,462,982,15.322,True
6,106,701,9640,40.297,False
8,134,718,353,11.163,False
6,76,561,183,7.799,False
4,149,111,3015,18.801,True
8,102,435,111,6.178,False
1,225,752,129,9.768,False
4,149,700,321,14.344,False
4,132,684,5678,33.722,False
3,50,153,338,12.456,True
3,223,440,812,19.264,False
6,194,27,102,8.798,False
3,102,621,69,5.46,False
0,223,348,5120,25.776,True
3,167,263,10615,62.826,True
2,149,580,24,46.946,False
1,46,63,1060,12.625,False
3,102,474,66,5.487,False
5,218,687,1363,14.668,False
2,90,350,4177,19.536,False
0,45,456,83,7.389,False
1,149,336,939,8.297,False
3,100,528,8,1.022,False
6,45,732,162,11.91,False
8,152,364,404,15.468,False
0,134,718,353,11.163,False
2,81,64,5201,33.722,False
7,217,368,7940,51.292,False
3,203,27,49,8.671,False
6,140,189,3278,24.309,False
1,218,90,105,7.931,False
5,102,507,2711,32.03,False
4,79,276,111,9.235,False
4,16,707,95,6.529,False
3,30,440,19,2.278,False
1,102,320,412,10.676,False
6,102,276,22,1.699,False
8,203,261,6325,42.382,False
4,198,460,11837,56.742,False
0,142,386,16502,18.959,True
3,83,533,1703,16.82,False
6,161,708,3082,24.843,False
6,44,440,88,6.343,False
8,136,182,138,15.296,False
3,79,276,111,9.235,True
4,149,488,346,18.537,False
1,149,767,12,1.581,False
7,96,240,757,19.551,True
3,210,139,90,7.401,False
3,21,116,21163,59.506,False
6,149,415,5873,33.474,False
7,229,157,126,6.319,False
7,118,74,415,6.876,False
0,76,27,1008,20.979,False
8,36,94,2779,30.654,False
3,102,298,8,1.187,False
0,218,344,90,6.982,False
6,203,282,61,6.527,False
6,79,641,10276,47.709,True
7,80,484,412,15.645,False
0,134,475,12401,58.686,False
7,125,135,21,2.999,False
8,102,206,405,11.872,False
8,140,9,1668,26.657,False
1,142,13,3136,13.24,False
6,76,276,23,3.073,False
6,203,319,764,17.08,False
0,95,76,7,1.99,False
3,169,21,889,18.506,False
4,78,745,378,13.03,False
7,102,72,307,10.164,True
6,102,502,3270,20.394,True
1,220,315,461,13.199,False
1,99,686,218,11.583,False
1,12,49,1630,23.922,False
8,149,561,25,3.772,False
5,74,757,29,4.163,False
7,140,538,1008,20.979,False
3,102,72,146,10.437,False
4,51,218,52,5.249,False
6,76,757,44,4.698,False
6,203,683,89,7.131,False
1,203,180,141,5.28,False
3,161,270,47,7.553,False
1,144,675,116,8.698,False
3,238,21,1514,20.535,True
2,127,769,400,8.18,False
7,149,467,15,2.046,False
3,51,276,23,3.384,False
1,203,504,1454,21.068,False
7,76,218,440,10.687,False
8,203,325,235,13.118,False
4,83,467,75,6.769,False
3,203,291,113,11.735,False
0,71,499,1145,11.305,False
7,142,475,15055,69.617,False
6,149,581,182,8.603,False
6,203,304,35,2.154,False
1,74,408,30,4.206,False
3,71,766,5529,24.253,False
3,3,36,3233,25.413,True
0,76,496,1830,19.864,False
5,198,549,1335,10.295,False
4,149,415,5873,33.474,False
6,95,206,84,5.872,False
3,44,440,88,6.343,False
1,149,740,127,6.635,False
6,37,598,180,12.13,False
5,161,198,2305,16.526,False
7,133,643,787,13.366,True
0,223,695,16003,73.675,False
6,199,203,8322,61.249,False
1,142,551,1873,11.78,False
3,173,594,13,3.886,False
4,97,679,4398,26.372,False
8,36,610,4250,17.517,False
2,216,19,7175,36.534,False
4,223,21,435,10.556,False
4,98,374,3005,20.851,False
5,95,261,8565,29.384,False
1,102,665,913,768.016,False
2,76,496,1830,19.864,False
3,199,203,8322,61.249,True
8,203,78,523,8.208,False
3,175,594,50,5.355,False
5,68,33,18955,84.364,False
6,198,640,3858,29.814,False
0,149,274,128,7.455,False
1,149,487,507,11.431,False
7,14,747,938,14.388,False
7,149,368,85,6.066,False
2,199,203,8322,61.249,False
8,149,507,67,5.191,False
8,149,520,659,16.706,False
1,34,334,2495,14.597,False
5,102,686,267,13.276,False
3,142,683,272,9.838,True
1,149,19,3909,15.931,False
0,97,278,621,10.329,False
6,202,509,10569,40.769,True
7,76,743,29,4.799,False
4,191,742,72,8.264,False
4,102,206,405,11.872,True
4,77,705,2001,18.529,False
2,149,51,395,8.678,False
1,95,183,21,2.435,False
4,95,13,12870,35.672,True
6,70,680,7558,20.806,False
4,149,602,5186,21.879,False
5,212,268,188,10.433,True
1,203,739,55,4.801,False
0,102,258,352,7.07,False
1,203,231,130,7.08,False
4,240,394,619,10.973,False
7,180,176,586,12.627,False
7,203,739,55,4.801,False
1,203,704,18,3.408,False
8,142,686,397,14.34,False
7,218,611,3675,37.115,False
6,134,475,12401,58.686,False
8,102,513,110,8.041,False
6,210,569,1701,19.852,False
2,134,582,889,18.46,False
2,40,239,71,5.958,False
5,35,60,28,2.504,False
3,149,739,46,4.445,False
1,149,543,5,0.498,False
8,212,360,48,4.486,False
0,141,491,21,4.124,False
2,67,433,14789,94.055,False
3,173,562,75,6.822,False
0,196,21,1777,21.161,False
8,175,595,178,11.671,True
3,203,640,342,13.395,True
1,102,10,33,4.223,False
5,37,147,70,4.334,False
2,38,261,9491,109.25,False
6,149,675,647,19.193,False
1,198,640,3858,29.814,False
6,99,136,17022,95.59,False
5,74,475,5372,27.62,False
6,73,64,1469,10.504,False
8,133,478,1884,21.245,False
1,125,231,874,17.737,False
6,134,621,2631,29.384,False
6,188,144,2562,20.672,False
7,76,59,8314,27.233,False
7,250,41,942,23.678,False
7,113,529,122,9.439,False
4,203,305,126,5.605,False
2,76,695,3795,20.876,False
1,80,592,274,8.796,False
2,113,748,405,9.478,False
6,39,727,216,10.236,True
6,71,2,3355,13.559,False
1,95,252,17,2.363,False
7,195,675,137,6.503,False
1,188,718,1283,26.186,False
8,34,334,2495,14.597,False
1,149,508,834,18.296,True
8,24,276,39,4.88,True
7,34,666,9566,36.634,False
3,52,380,91,8.08,False
1,149,746,926,17.64,False
1,203,186,272,11.481,False
5,89,103,2179,19.306,False
8,91,610,2633,19.547,False
3,149,265,107,8.753,False
2,178,181,4007,67.757,False
1,152,520,409,11.806,False
7,76,264,2213,9.935,False
0,118,72,3509,29.066,False
4,189,77,513,12.554,False
8,102,18,1678,14.357,False
0,223,47,21,7.799,False
3,41,436,1493,21.594,False
6,149,394,1550,17.733,True
3,136,648,12,3.593,False
1,203,20,49,4.687,True
4,102,258,352,7.07,False
0,149,570,68,6.115,False
2,125,18,1075,17.174,False
6,20,639,19,1.388,False
0,76,709,2873,24.096,False
6,225,294,27,2.583,False
0,102,94,3316,31.908,False
8,203,395,133,6.297,False
1,203,36,1694,48.097,False
8,95,508,314,10.568,False
8,203,55,1137,12.403,True
7,217,368,7940,51.292,False
3,112,244,157,9.245,False
8,188,729,43,4.19,False
6,141,452,271,10.171,False
0,71,560,11769,76.166,False
5,19,763,1602,24.659,False
5,125,659,57,5.627,False
1,88,15,19,2.728,False
1,217,121,9657,31.65,True
8,80,359,36,5.189,False
6,149,419,27,6.111,False
5,177,533,358,14.181,False
8,178,683,804,29.569,False
0,203,119,117,12.635,False
2,149,468,467,10.897,True
6,140,121,6741,29.089,False
7,218,367,198,9.763,False
0,113,748,405,9.478,False
7,80,641,2210,22.729,False
8,95,385,7173,22.103,False
1,91,610,2633,19.547,False
7,36,49,632,9.731,False
1,149,700,321,14.344,False
1,203,180,12,1.926,False
4,76,276,23,3.073,False
1,149,695,1798,20.528,False
3,149,329,67,6.055,False
3,193,77,890,12.797,True
8,203,27,49,8.671,False
7,192,68,1008,23.165,False
0,149,56,6416,29.176,True
6,104,570,259,9.356,False
7,149,305,45,6.351,False
0,149,343,2305,43.589,False
8,149,13,3765,19.227,False
6,203,672,20,2.386,False
1,203,752,5,0.808,False
2,194,202,3231,32.04,True
8,102,547,40,3.661,False
1,102,741,516,10.968,False
7,155,614,2231,18.511,False
3,142,192,12146,78.758,False
3,203,610,3096,24.691,True
3,149,90,261,11.935,False
3,212,251,2264,45.849,False
0,81,474,33,2.458,False
5,134,379,2012,29.339,False
8,75,245,352,20.527,True
6,203,180,310,12.329,True
8,55,416,4272,43.628,False
1,80,403,2017,13.599,False
5,102,502,3270,20.394,False
3,178,708,3023,32.83,False
7,95,764,1056,14.661,True
3,149,581,182,8.603,False
6,102,231,166,9.544,False
7,149,739,321,14.344,True
2,95,614,304,13.156,False
4,149,614,163,8.851,False
0,142,43,5990,38.926,True
4,127,769,400,8.18,False
1,212,655,218,12.491,False
3,203,719,3723,26.714,False
7,225,474,312,14.328,True
5,188,718,1283,26.186,False
7,83,218,24,5.662,False
6,76,667,1538,20.633,False
7,79,276,111,9.235,False
4,210,569,1701,19.852,False
5,142,350,8157,30.898,True
6,212,268,188,10.433,False
6,149,472,3468,43.867,False
6,57,695,11269,50.319,False
0,3,13,18212,74.069,True
1,76,212,70,9.628,False
6,188,468,110,8.953,False
4,73,56,391,12.034,False
4,203,186,252,8.895,True
6,92,742,468,9.338,False
0,203,740,255,8.304,False
1,95,382,1489,11.363,False
7,71,560,11769,76.166,True
5,134,159,7290,25.863,False
6,83,218,306,13.091,False
6,77,268,73,5.501,False
2,149,414,476,12.231,False
7,19,763,1602,24.659,False
6,149,218,178,13.556,False
4,209,119,274,7.687,False
7,203,683,89,7.131,False
6,140,231,493,16.185,False
3,241,413,111,13.517,False
7,76,7,1832,16.011,True
4,149,13,3765,19.227,False
7,44,290,466,20.441,False
8,149,296,33,1.999,False
1,102,620,14,0.803,False
0,223,490,3843,29.017,False
4,149,675,647,19.193,False
6,203,245,388,9.175,False
1,95,553,1734,12.668,False
8,217,56,595,13.269,False
6,51,627,251,14.315,False
5,90,167,370,10.114,False
6,77,640,9306,64.795,False
1,149,450,1308,13.005,False
3,203,7,858,12.255,False
1,95,683,847,13.567,True
4,102,258,114,8.283,False
1,203,261,6325,42.382,False
4,95,261,8565,29.384,False
2,71,668,479,6.08,False
3,44,276,84,11.767,True
3,249,412,945,22.412,True
2,223,763,2240,29.132,False
3,120,278,12,1.694,False
4,217,121,9657,31.65,True
0,76,429,89,7.249,False
2,102,547,40,3.661,False
4,55,364,1121,23.577,False
6,74,334,8505,24.949,False
6,95,13,12870,35.672,True
8,136,359,72,8.562,False
7,18,62,6255,45.652,False
4,146,684,12967,40.699,False
7,217,362,64,4.934,False
4,203,205,31,2.302,True
2,149,256,81,60.818,False
8,140,231,493,16.185,False
1,149,614,163,8.851,True
6,203,686,1167,19.549,False
6,203,756,215,10.826,False
6,76,692,11319,42.437,True
2,95,134,598,14.971,False
3,149,736,14,2.04,False
7,136,182,138,15.296,False
3,45,97,464,15.102,False
3,7,124,118,6.953,True
3,212,440,23,4.439,False
1,149,561,25,3.772,False
6,6,491,233,13.985,False
3,168,72,2620,24.252,False
0,48,659,190,11.123,False
4,90,440,68,9.376,False
1,203,316,25627,165.436,False
4,92,742,468,9.338,False
1,157,659,32,3.639,False
7,203,287,37,6.156,True
8,39,727,216,10.236,False
4,46,36,13126,44.533,True
3,149,56,83,5.179,False
2,142,686,397,14.34,False
7,76,747,333,12.98,False
1,203,319,42,4.81,False
5,140,538,18,1.972,False
6,188,88,136,13.291,False
4,76,561,183,7.799,False
4,216,695,4247,35.512,False
8,71,2,3355,13.559,False
8,140,579,14307,58.103,False
8,102,326,3657,20.442,False
4,157,99,250,11.663,False
3,90,350,4177,19.536,False
0,149,265,18,2.087,False
4,76,116,9735,130.743,True
4,30,363,24,4.08,False
4,188,88,136,13.291,False
0,74,1,635,11.035,False
4,149,274,300,14.438,False
8,230,760,8031,69.708,False
1,203,698,39,3.054,False
1,203,595,117,9.51,False
8,165,263,12193,37.113,False
4,23,116,16583,56.122,False
8,95,641,640,12.498,False
4,203,482,102,9.28,False
7,54,567,67,5.42,False
4,198,503,1251,11.943,False
3,102,676,48,4.947,False
3,55,416,4272,43.628,True
1,203,205,96,8.146,True
8,95,572,225,7.263,False
3,57,695,11269,50.319,False
3,102,72,2353,22.928,False
4,142,683,272,9.838,False
3,137,765,97,16.612,False
1,196,757,22,4.623,False
8,218,569,317,11.252,False
4,223,762,119,7.67,False
0,149,218,24,2.641,False
0,177,533,358,14.181,False
1,203,700,30,2.987,False
7,149,557,695,15.568,False
8,90,557,726,10.91,True
3,71,762,396,8.883,False
5,212,262,198,9.169,False
8,102,547,40,3.661,False
8,102,547,94,10.735,False
8,203,36,1694,48.097,False
0,192,398,38,4.422,False
6,168,623,219,9.18,True
8,191,621,49,5.837,False
8,76,116,9735,130.743,False
1,109,625,4704,36.351,True
0,149,570,68,6.115,False
0,83,212,1102,13.725,True
4,230,760,8031,69.708,False
6,102,508,3365,27.519,False
5,203,462,982,15.322,False
5,95,326,7208,23.04,True
7,169,21,889,18.506,False
3,77,540,170,89.416,False
5,23,286,56,5.287,False
3,229,157,126,6.319,False
3,223,21,435,10.556,False
6,156,96,432,17.263,True
3,223,288,91,12.505,False
4,212,268,188,10.433,False
5,149,694,916,27.082,False
6,153,206,4419,38.366,False
1,99,468,75,6.284,False
1,186,482,244,11.208,False
8,102,596,28,3.589,False
3,95,13,226,12.426,False
3,196,685,3129,41.677,False
2,13,121,12924,60.585,False
6,188,718,1283,26.186,False
7,50,685,2008,18.281,False
6,81,64,5201,33.722,False
8,74,321,3859,28.207,True
6,177,695,6848,21.181,False
6,97,278,245,11.771,False
4,175,208,22,1.909,True
5,201,6,38,3.726,False
2,77,509,4279,28.892,True
2,188,136,15342,91.917,False
2,134,718,353,11.163,False
1,160,117,94,7.066,False
4,77,664,653,10.28,False
1,149,600,3082,14.939,True
7,76,24,415,88.528,False
7,203,762,249,9.002,False
1,218,762,200,9.848,False
3,51,286,28,4.643,False
3,226,715,6834,29.757,False
2,223,162,1223,12.851,False
7,223,182,334,12.898,False
7,113,748,405,9.478,False
7,76,116,9735,130.743,True
1,149,265,107,8.753,False
8,136,491,400,9.745,False
7,74,1,635,11.035,False
3,209,645,57,6.049,True
4,76,230,990,15.145,False
5,95,750,4568,20.964,False
1,188,292,614,12.099,False
6,46,564,25533,167.562,False
5,203,264,12535,81.848,True
2,88,46,685,11.647,False
6,217,623,980,13.18,False
2,203,54,279,16.814,False
1,76,743,29,4.799,False
3,149,218,178,13.556,False
1,149,431,1634,20.957,False
7,74,222,6580,23.618,False
3,76,99,82,8.193,True
7,89,764,622,9.952,False
4,102,502,3270,20.394,True
3,80,333,682,22.321,False
7,102,766,4420,77.457,False
7,140,121,6741,29.089,True
8,97,679,4398,26.372,False
0,172,367,23,4.232,False
0,175,595,178,11.671,True
6,80,322,10565,26.021,False
3,102,510,77,5.627,False
2,202,509,10569,40.769,True
7,90,473,10162,27.261,True
0,102,618,22,1.146,False
7,39,727,216,10.236,False
3,1,430,854,24.238,False
0,89,102,241,7.512,False
3,212,153,1155,28.637,True
5,62,21,4133,21.24,False
7,212,218,637,10.635,True
4,140,121,6741,29.089,False
1,51,364,158,8.512,False
3,160,117,94,7.066,True
8,125,228,566,8.978,False
3,88,764,864,7.485,False
6,3,13,18212,74.069,False
8,125,493,283,14.341,False
6,13,159,4376,25.258,False
2,140,525,188,10.192,False
1,203,282,61,6.527,False
0,188,468,110,8.953,False
6,76,670,1393,23.972,False
8,149,700,321,14.344,False
3,51,485,30,2.773,True
1,203,291,113,11.735,False
1,136,762,216,13.914,False
1,102,159,12028,38.389,True
8,172,117,13,4.39,False
5,81,589,2525,23.555,False
7,90,370,382,8.904,False
7,30,363,24,4.08,False
7,223,533,4587,44.505,False
5,129,642,584,13.48,False
5,203,719,614,8.894,False
0,96,117,27,3.737,False
6,203,660,120,8.095,False
7,93,386,286,11.602,False
3,76,218,440,10.687,True
7,81,64,5201,33.722,False
7,225,325,2693,25.573,False
3,177,1,3054,24.447,False
6,178,181,4007,67.757,False
1,168,72,2620,24.252,False
2,225,245,698,18.873,False
8,217,475,1366,23.863,False
6,67,555,20384,93.3,False
4,203,640,342,13.395,False
6,96,112,2902,30.399,False
6,95,18,1835,38.413,False
3,102,72,307,10.164,False
2,172,519,500,13.789,False
7,55,416,4272,43.628,False
8,149,180,44,5.122,True
3,90,312,1103,307.828,False
4,149,358,494,14.629,False
3,76,276,23,3.073,True
5,88,764,458,7.259,False
3,203,762,197,8.102,False
4,113,764,7312,30.581,False
6,212,733,4061,44.075,True
1,102,282,169,12.37,False
1,216,19,15410,39.033,False
4,196,423,1406,23.987,False
3,212,398,129,9.755,False
4,73,595,381,9.49,False
8,102,508,962,15.978,False
1,102,513,110,8.041,False
3,172,99,41,5.133,False
8,149,415,5873,33.474,False
8,76,712,9798,98.16,False
0,232,645,291,10.281,True
0,149,727,48,3.094,False
3,139,695,1577,18.027,False
5,80,414,1504,17.871,True
1,48,659,190,11.123,False
4,106,613,1035,20.866,False
4,102,18,1678,14.357,False
0,71,56,2746,20.57,False
4,134,505,362,9.731,False
6,24,276,39,4.88,False
4,149,432,1624,21.006,False
4,83,153,3058,31.092,True
6,95,678,7396,34.199,False
1,51,370,961,15.322,False
5,198,503,1251,11.943,False
3,196,517,246,11.596,False
0,206,378,120,8.645,False
6,95,473,2820,23.945,False
8,113,748,405,9.478,False
6,140,525,188,10.192,False
2,74,150,12224,63.155,True
7,218,634,241,9.709,False
6,76,40,352,10.594,False
5,88,764,968,13.613,False
4,77,509,4279,28.892,True
4,71,2,9077,37.63,False
1,212,733,4061,44.075,True
3,197,116,16234,68.554,False
5,95,401,64,6.35,False
3,56,745,40,5.386,False
4,102,206,365,12.194,True
1,134,717,1354,23.091,True
5,175,6,818,14.688,False
4,142,386,16502,18.959,True
1,149,186,1366,18.206,True
0,158,419,55,4.895,True
8,149,168,2621,23.419,True
4,76,264,2213,9.935,False
7,136,762,216,13.914,False
1,203,186,252,8.895,False
1,77,321,2894,35.415,True
3,225,752,129,9.768,False
3,149,488,346,18.537,True
3,51,275,9,2.491,False
1,125,191,386,13.714,False
2,73,475,6878,41.875,False
3,77,487,257,11.622,False
3,73,595,381,9.49,False
4,203,762,249,9.002,False
0,203,113,227,15.591,False
7,203,595,117,9.51,True
7,203,319,764,17.08,False
1,203,231,30,6.902,False
0,81,496,1726,17.042,False
6,203,305,126,5.605,False
0,98,258,9,1.703,False
8,156,231,1313,19.164,False
1,80,482,31,3.934,False
5,102,764,2421,15.843,False
5,76,533,368,10.469,False
8,73,121,2515,17.722,False
3,212,364,109,8.14,False
3,149,308,8,1.968,False
7,142,186,1591,22.899,False
3,55,286,89,6.479,False
1,141,452,271,10.171,False
6,95,385,7173,22.103,False
1,203,172,11,1.103,False
3,212,491,28,8.254,False
0,203,585,320,9.481,False
3,50,316,3015,29.097,False
2,203,718,1020,33.359,False
4,30,5,1567,24.677,False
6,47,391,202,14.561,False
2,178,387,1978,84.344,False
5,102,550,2271,23.647,False
4,212,153,1155,28.637,False
8,203,585,320,9.481,False
8,95,563,240,7.319,False
5,203,282,61,6.527,False
7,74,740,191,9.92,True
5,196,6,487,11.422,False
4,244,235,20840,117.248,False
8,125,529,35,2.898,False
6,71,499,1145,11.305,False
0,113,15,105,6.696,False
0,196,359,37,4.032,False
0,203,65,1225,68.854,False
6,177,191,3,1.916,False
8,203,548,62,5.609,False
6,204,474,174,6.534,False
0,74,219,9938,73.07,False
0,218,283,43,3.867,True
3,203,329,50,4.375,True
6,8,116,36973,139.382,False
8,191,108,22,3.151,False
6,223,533,4587,44.505,True
3,134,203,6268,73.636,False
0,74,77,263,9.717,False
2,142,720,26061,81.386,False
6,149,207,27639,177.889,False
0,149,69,147,8.566,False
8,223,699,67,6.685,False
3,121,227,357,11.27,False
0,142,699,1439,21.215,False
0,203,74,192,8.627,False
2,149,654,1281,16.878,False
7,12,49,1630,23.922,False
7,142,42,3784,26.783,False
0,210,721,1546,12.319,False
4,102,762,2063,26.838,False
5,125,337,11612,56.549,False
1,131,289,382,10.805,False
3,76,592,2309,18.461,True
4,191,325,1504,19.598,False
4,79,53,304,12.73,False
3,217,623,980,13.18,True
3,196,348,4258,33.435,False
0,95,476,6439,31.009,False
8,212,363,210,12.662,False
6,95,18,2804,17.407,False
6,81,589,2525,23.555,False
1,234,627,3314,38.44,False
5,149,19,1532,38.25,False
7,113,15,105,6.696,False
1,125,481,58,5.729,True
3,178,482,59,10.687,False
4,149,494,1630,15.565,False
8,212,569,329,11.586,True
4,121,740,320,14.355,True
6,55,370,1214,13.053,False
8,74,222,6580,23.618,False
8,149,557,695,15.568,False
0,149,618,43,3.998,False
5,177,1,3054,24.447,False
5,89,764,622,9.952,False
3,59,757,13,3.557,False
7,203,264,12535,81.848,True
3,140,579,14307,58.103,False
1,76,747,333,12.98,False
7,95,764,878,8.763,False
3,121,278,9,1.248,False
7,149,550,3586,21.491,False
0,45,732,162,11.91,True
5,95,473,2820,23.945,False
3,178,683,804,29.569,False
3,48,99,15,3.784,False
1,102,435,111,6.178,False
1,208,501,15147,68.974,False
4,96,112,2902,30.399,False
5,74,686,1309,12.736,False
0,95,593,110,8.567,False
6,76,429,114,7.987,False
0,225,378,1423,18.066,False
6,149,550,6703,40.07,False
0,203,522,6978,34.042,False
2,149,570,68,6.115,False
1,169,21,814,10.261,True
7,225,762,106,6.889,True
1,140,189,3278,24.309,False
6,134,475,6673,26.93,False
5,125,740,70,7.629,True
3,203,656,553,9.198,False
3,136,401,255,5.993,True
8,203,439,207,7.867,False
3,149,364,26,3.852,False
0,149,723,458,9.928,False
4,88,764,458,7.259,False
7,97,268,995,13.551,True
4,82,512,17128,81.408,False
0,73,722,5762,22.277,False
3,156,525,574,19.049,True
3,250,759,4,1.53,False
2,176,224,835,13.896,False
3,8,237,22800,104.798,False
4,45,475,7225,24.486,False
0,83,533,1703,16.82,False
6,203,454,12163,67.331,False
5,223,441,5,1.081,False
6,76,52,2197,14.173,False
0,51,493,61,7.308,True
2,90,370,382,8.904,False
2,218,230,2494,17.684,False
3,102,700,1758,19.344,False
1,125,206,1270,19.028,True
5,71,2,3355,13.559,False
1,177,410,4544,26.245,False
6,197,165,17926,77.01,False
6,178,387,1978,84.344,False
6,149,364,26,3.852,False
3,216,367,362,14.475,False
1,203,319,1326,20.279,False
3,149,205,52,2.624,False
0,235,447,4,2.453,False
1,77,132,12,2.292,False
6,149,429,263,11.006,True
4,149,292,784,11.734,False
8,198,606,41,2.464,False
1,95,88,62,4.813,False
7,3,35,584,16.771,False
5,3,57,111,9.781,False
0,171,467,90,6.688,False
2,217,475,1366,23.863,False
8,95,764,1056,14.661,True
8,36,94,2779,30.654,False
3,176,224,835,13.896,False
6,136,182,138,15.296,False
4,23,754,88,9.807,False
1,149,587,32,2.437,False
7,3,609,19291,148.769,False
0,210,700,217,9.209,False
5,223,530,88,7.55,False
5,102,72,307,10.164,False
3,186,612,1060,17.447,False
3,136,762,216,13.914,False
4,223,695,16003,73.675,True
4,73,344,1764,16.69,False
8,212,762,257,9.775,True
0,81,589,2525,23.555,True
8,149,163,112,7.058,True
4,76,414,377,12.118,False
6,223,27,44,3.614,False
6,99,671,2279,36.013,True
0,188,240,81,7.219,False
1,71,766,5529,24.253,True
0,212,391,84,5.954,True
4,218,284,457,20.063,False
1,149,494,1630,15.565,False
1,95,246,22,2.663,True
1,134,475,5900,32.963,False
7,95,206,1064,13.293,False
2,149,370,157,8.4,False
3,223,373,48,8.837,False
7,149,296,33,1.999,False
4,178,419,239,16.14,False
0,102,206,365,12.194,False
3,12,49,1630,23.922,True
4,140,525,1089,21.142,False
4,102,213,597,10.269,False
1,149,446,8,1.019,False
3,19,760,1870,20.239,False
5,102,245,147,7.792,True
3,203,595,764,12.745,False
0,149,435,137,6.132,False
1,102,267,36,9.031,True
1,149,180,5,1.614,False
2,106,701,9640,40.297,True
8,98,374,3005,20.851,True
3,48,420,54,7.386,False
6,203,547,68,4.636,False
6,149,163,112,7.058,False
8,95,278,23,3.84,False
1,140,161,1783,18.106,False
6,223,330,695,12.711,False
4,168,623,219,9.18,False
0,39,727,216,10.236,False
4,149,570,68,6.115,False
6,168,72,2620,24.252,False
7,34,573,879,14.014,False
0,203,120,46,4.72,False
8,193,54,236,8.015,False
3,88,266,24,2.726,False
3,121,681,687,13.374,False
3,73,121,4182,21.668,False
7,140,161,1783,18.106,False
6,95,320,762,14.768,True
3,81,627,163,11.094,True
7,76,213,18,1.397,True
5,35,574,313,9.273,False
6,157,231,136,8.121,False
0,52,609,19912,63.494,False
3,3,165,6170,225.798,False
3,225,121,4463,33.411,False
4,149,468,467,10.897,False
5,203,100,1790,41.342,False
6,234,627,3314,38.44,True
7,102,258,352,7.07,False
6,76,116,9735,130.743,True
7,135,207,17741,99.83,False
6,203,54,279,16.814,False
2,21,393,9505,183.215,False
4,46,63,1060,12.625,False
3,102,320,412,10.676,False
1,134,159,7290,25.863,False
5,102,700,1758,19.344,False
6,142,263,2955,22.883,False
1,95,151,12136,69.506,False
6,76,479,13885,113.549,False
4,247,128,541,11.138,False
5,244,235,20840,117.248,False
5,95,764,1056,14.661,True
4,212,733,4061,44.075,True
7,95,71,59,4.376,False
0,203,762,271,15.843,False
8,149,429,263,11.006,False
8,106,701,9640,40.297,False
7,194,375,1712,15.677,False
5,208,501,15147,68.974,True
4,152,364,404,15.468,True
0,203,54,279,16.814,False
3,14,747,938,14.388,False
3,51,606,13,2.978,False
7,73,56,391,12.034,False
4,169,21,889,18.506,False
1,80,483,38,5.607,False
7,149,55,7076,30.707,True
4,141,117,42,4.926,False
2,203,36,7032,50.911,True
7,73,475,13065,81.624,True
3,214,675,1767,18.046,False
6,113,748,405,9.478,False
3,76,96,137,10.031,False
7,219,212,38,3.233,False
7,122,147,13,2.169,False
1,76,670,1393,23.972,False
3,55,364,1121,23.577,False
0,76,64,2304,19.442,False
6,96,240,757,19.551,False
6,125,306,117,7.146,False
0,182,715,5917,28.33,False
0,221,410,5649,28.98,False
8,212,218,637,10.635,True
6,212,205,137,9.265,False
1,73,121,4182,21.668,False
0,3,35,584,16.771,False
2,74,141,7568,34.335,False
0,95,672,10,1.955,False
6,202,292,692,11.824,False
0,149,368,85,6.066,True
3,5,316,31823,135.26,True
7,203,705,1110,27.901,True
2,71,686,1610,13.413,False
4,95,649,2278,29.161,False
5,41,631,20179,79.181,False
3,77,106,25,3.247,False
7,95,252,17,2.363,False
5,185,125,3578,1078.969,False
7,58,97,293,13.401,False
8,149,467,74,8.139,False
8,102,502,3270,20.394,False
5,198,640,3858,29.814,True
7,203,685,1734,15.055,False
1,149,656,12137,33.125,False
3,1,684,2162,42.027,True
5,95,505,655,12.215,False
4,217,368,7940,51.292,True
2,102,326,3657,20.442,False
3,15,238,2,1.197,False
3,149,394,1550,17.733,False
8,149,550,3171,24.708,False
7,140,257,3420,23.083,False
8,149,508,834,18.296,True
8,149,431,1634,20.957,True
4,46,564,24579,167.106,True
5,203,186,272,11.481,True
6,12,545,6973,25.63,False
8,203,686,1167,19.549,False
0,223,218,69,8.859,False
7,149,442,456,12.75,False
4,75,528,90,7.742,False
4,136,762,142,6.224,False
0,134,726,11679,30.857,False
3,48,627,129,8.828,False
7,198,603,260,12.868,False
4,74,757,139,13.25,False
1,125,220,8353,68.507,False
1,102,676,48,4.947,False
4,99,435,176,7.68,True
5,149,386,4270,23.087,False
4,149,84,115,191.374,False
7,125,435,309,8.639,False
7,48,641,5445,35.272,False
5,76,722,8744,32.733,True
0,149,550,6703,40.07,True
5,74,334,8505,24.949,False
7,165,263,12193,37.113,False
8,48,641,5445,35.272,False
7,76,184,1629,19.988,True
0,97,710,1349,13.793,False
2,149,532,421,14.164,False
0,76,429,114,7.987,False
2,95,508,314,10.568,False
1,149,388,68,6.034,False
8,165,150,12884,57.761,False
4,149,19,3909,15.931,True
6,76,746,227,90.321,False
4,212,42,2201,21.558,True
8,203,186,252,8.895,False
5,102,753,160,7.958,False
5,159,278,5,1.179,False
3,76,683,417,9.139,False
0,225,378,1423,18.066,False
5,106,101,3404,25.272,False
4,196,553,1307,16.468,False
6,95,326,7208,23.04,False
1,188,751,212,8.143,False
4,231,21,10179,45.715,False
3,223,295,11,1.569,False
8,74,641,929,31.862,False
4,168,72,597,12.19,True
7,95,386,65,6.868,False
7,76,561,183,7.799,False
8,212,733,4061,44.075,True
4,75,245,352,20.527,False
5,102,481,25,2.55,False
5,218,32,33,2.703,False
4,203,660,120,8.095,False
7,60,208,10,1.666,False
8,79,641,10276,47.709,True
0,188,88,136,13.291,True
1,218,611,4701,25.526,True
7,73,675,2994,19.9,False
4,203,595,764,12.745,False
3,80,201,680,11.483,False
1,246,714,536,14.383,False
2,225,192,5285,23.289,False
8,149,703,8388,57.814,False
8,95,13,12870,35.672,False
2,141,597,898,19.263,False
0,198,349,762,25.613,False
6,121,191,33,2.989,False
2,95,56,947,16.888,False
2,79,53,304,12.73,False
4,158,419,55,4.895,False
6,132,684,5678,33.722,False
6,178,708,3023,32.83,False
3,137,475,3431,57.295,False
2,95,126,1039,16.26,True
0,140,675,1425,29.234,False
0,74,334,8505,24.949,True
0,71,199,2857,15.719,False
8,158,117,109,7.2,True
4,149,695,2372,30.945,False
1,102,332,37,3.618,False
4,188,718,1283,26.186,False
0,75,462,3557,18.759,False
0,76,757,44,4.698,True
4,102,364,535,15.559,True
4,149,208,1,0.913,False
8,212,42,2201,21.558,True
6,225,752,129,9.768,True
7,74,694,3237,30.243,False
1,125,286,208,8.752,False
6,155,614,2231,18.511,True
4,142,546,3492,24.333,False
4,203,685,1734,15.055,False
8,102,510,77,5.627,True
1,204,474,174,6.534,True
1,90,312,1103,307.828,False
6,140,161,1783,18.106,False
0,231,390,17603,59.653,False
4,102,508,3365,27.519,True
8,142,154,1660,24.16,False
3,203,762,271,15.843,True
3,203,36,7032,50.911,False
6,149,329,67,6.055,False
7,134,203,12647,112.575,False
1,125,72,417,18.279,False
2,149,141,9707,33.6,False
0,149,145,3991,45.377,True
0,76,121,4121,18.02,False
2,73,344,1764,16.69,False
4,203,762,271,15.843,False
5,149,415,305,9.756,False
2,36,611,5931,25.871,False
6,191,325,1504,19.598,False
3,165,263,12193,37.113,False
3,80,659,124,8.016,False
3,248,72,130,6.916,False
6,19,760,1870,20.239,True
0,240,394,619,10.973,False
7,76,104,117,12.635,False
0,112,244,157,9.245,False
3,95,579,13610,63.654,False
7,212,398,129,9.755,True
8,73,722,5762,22.277,True
1,203,231,10,2.988,False
1,203,595,764,12.745,False
0,188,688,419,17.367,False
8,3,754,73,8.702,False
8,203,508,3453,24.326,False
7,95,680,1789,19.364,False
6,223,440,812,19.264,True
6,142,475,15055,69.617,True
3,109,625,4704,36.351,False
6,102,525,955,19.833,False
4,225,752,129,9.768,False
0,95,683,847,13.567,False
4,95,764,1056,14.661,False
8,134,579,28256,120.342,False
6,218,145,14584,61.749,False
3,71,482,70,6.895,False
4,169,96,168,9.281,False
5,76,64,2304,19.442,False
8,95,261,8565,29.384,False
6,95,192,2109,14.046,False
8,155,614,2231,18.511,True
5,102,352,2129,11.993,False
5,203,282,786,19.629,False
6,168,72,597,12.19,True
3,80,568,1379,15.323,False
7,102,94,3316,31.908,True
3,83,218,147,10.047,False
6,76,7,1832,16.011,False
2,149,621,25,1.633,False
6,149,602,5186,21.879,False
1,149,174,17,2.234,False
7,191,491,27,4.252,False
4,193,740,582,12.24,False
3,156,231,1313,19.164,True
8,80,87,30,4.726,False
5,152,764,350,10.602,False
7,137,475,3431,57.295,False
8,192,75,282,24.665,False
7,2,138,6731,71.181,True
1,44,99,137,11.063,True
7,74,696,440,17.076,False
4,102,700,1758,19.344,False
4,95,678,7396,34.199,False
8,225,245,698,18.873,False
1,203,169,3258,37.852,False
7,55,286,89,6.479,False
7,74,677,1291,10.631,False
3,9,656,15275,42.36,False
7,76,695,1297,2.952,False
0,178,683,804,29.569,True
0,149,186,1366,18.206,False
7,212,535,435,10.582,False
0,142,148,3371,26.461,False
3,232,645,291,10.281,False
8,29,241,395,13.442,False
3,48,275,5,2.578,False
1,218,434,9229,19.668,True
6,203,428,3293,15.065,False
1,102,764,3441,14.023,True
6,149,695,1798,20.528,False
6,191,742,72,8.264,False
0,44,380,144,9.145,False
1,73,418,1337,14.381,True
4,71,766,5529,24.253,False
3,29,467,328,15.612,False
4,76,65,1711,23.141,True
0,178,683,804,29.569,False
5,26,21,392,11.938,False
7,10,612,1207,24.421,False
3,149,584,31,5.273,False
0,102,39,138,7.4,False
0,26,25,138,7.815,False
0,74,150,1615,15.078,False
2,71,519,238,11.753,False
8,225,117,22,2.638,False
4,51,370,961,15.322,False
0,193,722,5298,35.766,False
4,80,414,1504,17.871,False
3,76,695,1297,2.952,False
8,203,54,279,16.814,False
8,102,474,17,2.63,False
1,242,629,49,3.909,True
6,69,225,10018,99.42,False
1,203,621,61,4.033,False
8,3,754,73,8.702,False
8,95,430,597,13.629,False
1,80,322,10565,26.021,False
3,74,696,440,17.076,False
8,149,695,1798,20.528,False
5,113,764,686,10.492,False
2,46,564,24579,167.106,True
8,125,110,43,5.38,False
7,71,508,1493,17.95,False
0,76,695,16099,108.119,False
1,203,38,460,12.337,False
4,149,394,1550,17.733,True
3,192,398,38,4.422,False
0,123,188,249,11.395,True
7,134,203,12647,112.575,False
8,203,296,204,11.169,False
3,191,406,588,21.032,False
2,149,509,163,8.677,False
0,210,569,1701,19.852,False
4,206,378,120,8.645,False
0,149,370,94,8.05,False
1,80,495,218,8.865,False
6,196,685,3129,41.677,False
6,223,182,334,12.898,False
5,35,750,14928,46.908,False
7,205,595,43,8.514,False
8,194,375,1712,15.677,False
4,203,204,679,20.926,False
2,178,708,3023,32.83,False
0,203,631,27783,127.926,True
1,203,467,16,3.126,False
2,153,571,1509,16.901,False
1,193,273,141,7.572,False
3,203,762,351,12.994,False
7,13,159,4376,25.258,True
6,125,191,386,13.714,False
5,102,320,412,10.676,False
0,149,508,834,18.296,False
4,95,473,2820,23.945,False
1,241,413,111,13.517,True
0,119,93,40,3.214,False
7,186,612,1060,17.447,False
6,247,128,541,11.138,False
7,212,360,48,4.486,False
4,142,192,12146,78.758,True
1,95,88,1600,22.027,True
2,71,2,9077,37.63,True
8,203,319,764,17.08,False
1,11,595,45,5.995,False
7,136,370,482,11.127,False
3,84,106,67,3.726,False
6,90,312,1103,307.828,False
3,3,569,3187,30.397,True
3,186,612,257,10.917,False
1,102,258,352,7.07,False
5,126,240,89,15.659,False
6,75,462,3557,18.759,False
5,240,116,15027,56.423,False
3,76,83,732,14.773,False
3,198,494,1029,20.008,False
8,134,475,12401,58.686,False
5,76,264,2213,9.935,True
8,203,186,252,8.895,True
4,169,539,809,13.407,False
1,149,565,51,4.869,True
5,134,587,7,2.776,False
2,77,487,257,11.622,False
4,212,491,5511,31.099,True
5,67,371,18567,136.657,False
3,198,640,3858,29.814,False
3,203,319,538,17.878,False
0,74,344,927,14.668,True
2,149,588,641,14.119,False
5,73,477,30,2.479,False
5,143,236,154,8.512,False
7,140,725,1754,17.071,False
2,102,159,12028,38.389,False
1,90,473,10162,27.261,True
8,104,570,259,9.356,False
1,203,762,197,8.102,True
3,78,627,223,5.793,False
0,134,475,6673,26.93,False
7,150,548,90,6.585,False
4,149,218,178,13.556,False
4,125,435,309,8.639,True
1,149,729,18,1.397,False
8,225,192,5285,23.289,False
7,95,320,762,14.768,True
1,74,677,1291,10.631,False
6,102,72,2353,22.928,True
3,30,5,1567,24.677,False
3,76,184,1629,19.988,True
4,203,659,43,4.25,False
6,142,386,16502,18.959,True
0,141,452,271,10.171,False
8,149,98,1621,26.222,False
3,203,744,22,2.039,True
3,13,407,877,17.644,False
3,149,270,11,2.05,False
0,76,286,208,11.444,True
2,102,114,2223,17.52,False
1,193,538,82,7.153,False
7,106,157,28,5.031,False
6,156,525,574,19.049,False
8,140,134,5004,25.665,True
3,223,90,70,8.136,False
5,36,750,5873,21.028,False
1,13,409,800,17.477,False
3,95,608,24,2.294,False
6,26,21,392,11.938,False
2,95,18,2804,17.407,True
6,185,125,3578,1078.969,False
4,50,153,338,12.456,False
5,198,460,11837,56.742,False
6,54,695,3422,23.585,False
3,203,537,428,9.635,False
6,48,153,291,18.319,False
2,48,684,2851,26.265,False
3,149,659,38,3.768,False
0,106,72,607,13.437,True
1,149,675,110,7.723,True
7,119,122,159,13.361,False
3,178,590,210,14.111,False
1,213,421,169,10.648,False
5,102,320,3800,24.545,False
1,149,258,7,1.508,False
6,203,762,129,6.578,False
4,185,125,3578,1078.969,False
6,76,712,9798,98.16,False
6,102,18,1678,14.357,False
5,188,123,39,3.365,True
6,0,695,12567,1520.298,False
3,102,245,105,9.837,False
3,203,683,89,7.131,True
8,95,683,847,13.567,False
6,191,491,27,4.252,False
6,198,460,11837,56.742,False
5,98,374,3005,20.851,True
5,89,190,25,1.609,False
3,54,153,2120,22.907,True
6,55,364,1121,23.577,False
2,223,684,10600,58.585,False
5,130,578,106,5.393,False
0,76,692,11319,42.437,False
5,212,469,21,3.078,False
6,38,261,9491,109.25,False
7,76,757,21,2.499,False
3,188,718,1283,26.186,False
4,95,558,1648,16.452,False
8,80,68,468,10.943,False
5,95,522,966,12.038,False
6,7,492,754,17.884,False
5,102,268,216,8.846,False
6,212,208,116,5.851,True
7,53,184,7674,36.37,False
4,73,627,102,8.56,False
3,97,394,313,8.596,False
3,113,748,405,9.478,False
5,76,370,70,5.031,False
3,191,211,222,8.594,False
6,102,258,114,8.283,False
4,73,723,8264,19.984,False
8,212,762,257,9.775,False
4,140,394,87,7.522,False
3,0,695,12567,1520.298,False
3,119,108,47,4.042,False
1,90,231,35,3.438,False
0,203,454,12163,67.331,False
0,177,191,3,1.916,False
1,136,491,400,9.745,True
1,212,360,48,4.486,False
3,96,117,27,3.737,False
0,203,550,3495,21.462,False
1,203,718,1020,33.359,False
5,104,570,259,9.356,True
3,149,644,311,13.836,False
7,95,569,18559,70.686,False
4,0,695,12567,1520.298,False
4,188,240,81,7.219,False
3,2,683,596,15.415,False
3,99,435,176,7.68,False
8,142,156,826,14.255,False
0,81,525,1401,17.94,False
4,140,154,3364,38.243,False
6,203,261,6325,42.382,False
5,198,203,1769,19.461,False
8,90,370,382,8.904,True
0,77,106,46,5.837,False
0,13,121,12924,60.585,False
8,73,367,302,15.802,False
3,75,245,352,20.527,True
3,203,316,25627,165.436,True
1,217,445,109,7.203,False
5,134,129,320,12.381,False
4,104,570,259,9.356,False
3,43,609,3448,34.597,False
6,218,3,1515,24.66,False
2,203,361,3090,21.733,False
3,67,631,5744,38.124,False
3,191,325,1504,19.598,False
0,73,56,391,12.034,False
1,149,468,127,8.97,False
5,95,342,347,220.363,False
7,80,495,218,8.865,False
4,142,186,1591,22.899,True
2,74,402,1174,12.031,False
7,142,656,3661,20.302,False
7,125,690,431,12.03,True
8,203,316,25627,165.436,False
1,157,249,1237,19.375,False
5,149,265,29,4.642,False
7,76,695,3795,20.876,False
3,138,595,150,9.849,False
7,203,656,3830,34.2,False
1,196,21,1777,21.161,False
3,211,163,20,4.114,False
0,194,536,5571,29.191,False
2,99,671,2279,36.013,True
5,125,493,283,14.341,True
0,76,359,22,1.812,False
3,32,650,181,7.469,False
0,76,230,990,15.145,False
3,199,397,16,1.559,False
8,102,282,661,21.842,False
2,27,321,19397,64.115,False
3,98,258,9,1.703,False
7,212,107,48,9.7,False
6,74,554,2567,35.718,False
1,74,49,299,14.474,True
6,95,683,847,13.567,False
3,203,216,1,0.88,False
8,121,682,3176,32.366,False
0,203,186,252,8.895,False
0,77,664,653,10.28,True
6,149,654,1281,16.878,False
5,95,579,13610,63.654,False
5,149,741,248,12.746,False
1,203,248,12,1.323,False
2,149,450,1308,13.005,False
3,113,15,105,6.696,False
0,3,609,19291,148.769,True
4,81,290,922,17.595,False
1,95,439,182,8.37,False
8,102,700,1758,19.344,True
3,193,108,54,5.323,False
7,19,29,4296,31.351,True
7,55,370,1214,13.053,True
4,141,517,749,12.99,False
7,142,579,6392,32.023,False
5,208,679,14348,46.642,True
6,87,307,23,1.235,False
7,107,579,26444,69.558,True
7,203,115,11,3.285,False
3,149,695,1798,20.528,False
8,142,186,1591,22.899,True
0,99,136,17022,95.59,False
5,196,553,1307,16.468,True
3,142,186,1591,22.899,True
3,212,27,18,2.461,False
0,102,508,3365,27.519,False
6,134,203,12647,112.575,True
2,102,621,69,5.46,False
8,203,482,102,9.28,False
3,51,606,178,10.07,False
6,203,732,68,5.148,False
4,90,370,382,8.904,False
1,165,263,12193,37.113,False
2,142,475,15055,69.617,True
0,198,181,1064,255.206,False
0,203,13,1108,11.622,False
3,134,475,6673,26.93,False
0,203,400,84,10.724,False
3,169,539,809,13.407,True
6,193,722,5298,35.766,False
5,67,34,19405,105.138,False
4,63,684,11648,56.902,False
1,8,316,9910,80.292,False
4,196,685,3129,41.677,False
5,66,81,17787,81.116,False
4,76,592,2309,18.461,True
7,138,675,311,11.025,False
1,203,386,568,9.102,False
1,218,145,14584,61.749,True
7,168,623,219,9.18,False
3,179,364,132,9.005,False
5,95,56,282,13.959,False
6,76,104,117,12.635,False
2,73,1,3733,20.107,False
8,72,108,54,4.923,True
6,73,56,391,12.034,False
7,98,374,3005,20.851,False
7,198,549,272,8.386,True
6,223,695,16003,73.675,False
6,76,622,909,12.375,False
4,88,478,311,13.836,False
3,149,207,27639,177.889,False
3,250,158,19,2.931,False
7,203,180,87,9.397,False
2,74,68,363,7.834,True
1,198,394,285,8.298,False
1,71,131,5845,23.399,False
3,225,470,216,13.077,False
1,102,245,147,7.792,False
2,141,142,10632,30.729,True
8,149,383,1356,26.406,False
7,73,475,6878,41.875,False
8,74,344,927,14.668,True
7,83,153,3058,31.092,False
3,100,293,24,2.495,False
5,171,623,104,6.688,False
1,212,42,2201,21.558,False
6,13,321,8100,52.669,False
7,1,684,2162,42.027,True
3,80,700,1379,15.998,True
5,188,292,614,12.099,False
3,102,547,94,10.735,False
5,149,550,3171,24.708,False
0,126,521,88,9.702,False
7,95,579,13610,63.654,True
4,179,324,112,8.398,False
3,51,768,94,11.722,False
6,70,475,24247,122.523,False
0,77,321,220,110.006,False
4,40,440,22,2.08,True
3,72,108,42,4.492,False
1,218,634,241,9.709,False
7,76,64,2304,19.442,False
4,142,350,8157,30.898,False
0,134,579,28256,120.342,False
1,102,245,53,4.026,False
4,157,231,136,8.121,False
0,140,231,493,16.185,False
6,149,13,3765,19.227,False
0,149,109,1459,36.483,False
1,217,623,980,13.18,False
3,225,325,2693,25.573,False
4,125,206,1270,19.028,True
0,214,675,1767,18.046,True
4,97,191,223,9.938,False
8,99,613,401,9.895,False
3,203,36,1694,48.097,False
3,108,491,63,6.52,False
7,75,245,352,20.527,False
7,203,508,3453,24.326,False
6,76,22,17,3.848,False
3,56,455,269,13.37,True
7,102,72,2353,22.928,False
7,102,525,955,19.833,False
2,149,706,22,3.747,False
3,86,32,5,0.73,False
6,172,394,211,10.595,False
0,203,595,764,12.745,False
5,51,627,53,8.512,False
7,188,136,15342,91.917,True
8,102,511,25,2.943,False
5,107,579,26444,69.558,True
1,193,77,890,12.797,True
3,95,13,12870,35.672,True
8,149,19,3909,15.931,False
6,192,629,130,11.766,True
5,149,198,687,11.354,False
6,146,684,12967,40.699,False
4,165,263,12193,37.113,True
0,95,56,947,16.888,False
0,149,415,5873,33.474,True
6,149,84,115,191.374,False
0,188,144,2562,20.672,False
1,149,95,129,12.724,False
4,225,192,5285,23.289,False
3,149,509,163,8.677,False
7,149,602,5186,21.879,False
5,95,569,11427,63.938,True
6,178,683,804,29.569,False
5,113,641,1360,21.745,False
6,196,348,4258,33.435,False
1,102,320,3800,24.545,True
7,152,245,58,4.508,False
8,213,659,15,3.427,False
1,102,508,3365,27.519,False
4,134,621,2631,29.384,False
4,102,355,196,7.477,False
0,149,581,182,8.603,True
6,139,695,1577,18.027,False
2,203,428,1168,17.956,True
0,134,203,20958,176.205,True
1,149,422,1220,18.29,False
2,77,640,9306,64.795,True
3,136,762,126,7.502,False
1,125,435,309,8.639,False
6,102,449,19,3.467,False
8,73,609,5495,33.713,False
2,149,383,1356,26.406,False
6,102,282,169,12.37,False
2,203,55,1137,12.403,False
6,77,664,653,10.28,False
4,47,391,202,14.561,False
2,100,192,4055,38.42,False
7,142,43,5990,38.926,False
1,77,651,1179,12.584,True
6,102,364,535,15.559,False
8,76,722,8744,32.733,False
7,99,671,2279,36.013,True
5,125,163,171,9.069,False
3,102,762,2063,26.838,False
1,203,660,120,8.095,False
0,125,764,3911,18.062,False
3,119,293,7,3.235,False
1,102,231,166,9.544,True
4,212,762,257,9.775,True
4,136,182,138,15.296,False
2,203,585,320,9.481,False
3,154,99,217,29.187,False
3,171,467,90,6.688,False
6,113,764,7312,30.581,False
3,149,468,127,8.97,False
8,149,133,7,1.448,False
8,71,766,5529,24.253,False
6,48,641,5445,35.272,False
5,218,631,6019,28.326,False
2,118,74,415,6.876,False
3,76,747,333,12.98,True
8,97,710,1349,13.793,True
6,81,290,922,17.595,True
4,142,405,2611,52.118,False
3,74,150,1615,15.078,True
5,115,601,682,13.887,False
7,30,182,46,4.445,False
5,165,341,5598,43.147,True
0,80,322,10565,26.021,True
7,218,687,1363,14.668,True
7,30,768,133,10.554,False
6,74,694,3237,30.243,False
8,102,326,3657,20.442,False
8,138,311,25,2.596,False
0,102,577,470,9.154,False
6,191,83,11704,38.213,False
1,134,718,353,11.163,False
2,217,121,9657,31.65,False
4,212,398,129,9.755,False
3,23,116,16583,56.122,False
8,77,404,14,2.075,False
2,203,454,12163,67.331,True
6,175,594,50,5.355,False
0,97,268,995,13.551,False
2,203,291,113,11.735,False
7,223,762,119,7.67,False
4,95,505,655,12.215,False
5,125,690,431,12.03,False
3,169,96,1885,19.078,True
1,203,173,113,5.733,False
7,223,441,5,1.081,False
8,203,264,12535,81.848,False
5,218,79,18581,109.921,True
1,203,475,465,9.883,True
3,3,545,1766,17.279,False
7,96,112,2902,30.399,False
6,198,203,1769,19.461,False
7,71,715,2331,12.344,True
2,149,207,27639,177.889,False
4,134,203,6268,73.636,False
0,102,72,2353,22.928,False
6,193,740,582,12.24,True
1,203,511,27,4.184,True
6,102,355,196,7.477,False
1,76,104,55,5.297,False
1,203,347,27,4.994,False
6,149,431,1634,20.957,False
1,74,487,590,13.514,False
6,99,278,24,1.433,False
4,149,656,12137,33.125,True
1,225,613,398,10.541,False
6,77,91,16951,49.995,False
6,48,684,2851,26.265,False
3,74,222,6580,23.618,False
0,74,475,5372,27.62,False
0,74,509,1128,11.761,False
7,203,749,350,9.567,False
1,149,520,659,16.706,False
3,203,348,2287,23.883,False
1,134,399,391,9.608,False
6,44,99,1636,41.262,False
8,136,661,289,9.065,False
0,3,762,2795,57.206,True
4,192,419,30,2.503,False
2,203,685,1734,15.055,False
1,217,368,7940,51.292,False
1,149,461,981,12.929,False
4,74,402,1174,12.031,False
1,203,453,50,5.7,True
8,198,595,112,7.335,False
0,76,414,377,12.118,False
4,102,577,470,9.154,False
1,149,73,1068,11.689,False
3,51,277,90,9.181,False
7,76,732,77,8.421,False
2,149,461,981,12.929,False
0,203,762,129,6.578,False
5,177,410,4544,26.245,False
8,191,663,1059,11.92,False
2,76,65,1711,23.141,True
6,165,341,5598,43.147,False
3,76,496,1830,19.864,False
5,40,465,48,6.694,False
8,14,699,135,10.107,False
4,2,138,6731,71.181,True
3,73,367,302,15.802,False
1,149,761,8,0.995,False
7,212,491,5511,31.099,False
1,149,377,51,4.877,False
3,57,598,448,9.764,False
5,102,764,3441,14.023,False
3,26,21,392,11.938,False
5,102,505,459,9.482,False
5,125,163,151,6.234,False
0,168,72,597,12.19,True
5,149,415,5873,33.474,True
3,225,474,312,14.328,True
1,210,139,90,7.401,True
8,149,55,7076,30.707,False
4,203,153,630,12.664,False
3,51,197,161,6.926,True
2,90,694,1279,16.348,False
8,149,618,43,3.998,False
6,83,533,1703,16.82,False
7,125,185,89,6.798,False
8,140,59,3794,26.836,False
8,212,364,109,8.14,False
6,225,192,5285,23.289,False
8,217,445,88,7.115,False
7,22,368,4235,47.97,False
6,95,764,1056,14.661,False
3,168,72,597,12.19,False
8,163,12,270,11.725,False
7,203,231,30,6.902,False
2,203,319,1326,20.279,False
3,73,239,2218,22.907,True
3,140,150,7026,40.262,False
3,194,581,36,3.982,False
6,46,564,24579,167.106,True
7,105,350,1683,13.782,False
1,80,523,2092,20.964,False
7,156,96,432,17.263,False
1,81,474,33,2.458,False
2,149,565,51,4.869,False
1,54,370,128,7.55,False
0,149,70,786,13.746,False
6,203,208,13,2.175,False
4,207,210,55,4.307,False
0,193,231,301,11.487,False
8,38,261,9491,109.25,False
6,142,247,42,4.173,False
1,74,1,635,11.035,False
5,211,198,1071,10.945,False
0,74,689,7,0.594,False
5,102,355,196,7.477,False
0,102,282,169,12.37,True
5,95,702,390,10.958,False
2,140,161,1783,18.106,False
8,149,364,992,14.812,True
6,165,263,12193,37.113,True
5,11,595,401,11.516,True
3,191,83,11704,38.213,False
8,134,159,7290,25.863,False
3,212,360,48,4.486,False
3,196,337,1213,14.072,False
1,149,133,7,1.448,False
6,80,672,19,2.063,False
8,203,428,3293,15.065,False
3,76,667,1538,20.633,False
5,95,505,390,8.504,False
7,203,36,7032,50.911,False
1,98,374,3005,20.851,True
8,102,159,12028,38.389,False
0,99,764,506,9.909,False
7,102,762,2063,26.838,False
3,225,294,27,2.583,False
7,223,533,4587,44.505,False
6,30,656,12542,45.996,False
7,140,538,1008,20.979,False
8,212,733,4061,44.075,False
8,73,64,1469,10.504,False
6,225,245,615,16.537,False
1,149,426,987,15.905,False
3,99,691,335,9.716,False
2,80,322,10565,26.021,False
1,161,140,42,3.337,False
6,189,77,513,12.554,False
1,149,329,67,6.055,True
7,244,235,20840,117.248,False
0,160,117,94,7.066,False
0,118,285,9,1.417,False
0,149,163,112,7.058,True
7,48,166,1970,19.51,False
0,225,245,698,18.873,False
6,223,276,144,9.702,False
1,194,525,130,7.784,False
7,23,538,201,11.545,False
4,141,142,10632,30.729,True
6,102,326,3657,20.442,False
5,217,368,7940,51.292,False
8,106,613,1035,20.866,False
4,223,440,812,19.264,True
8,88,544,4382,30.587,False
2,32,518,9563,45.485,False
6,102,245,53,4.026,False
3,102,511,17,2.328,False
2,74,77,263,9.717,False
0,76,402,1465,16.308,False
8,73,475,13065,81.624,False
3,218,378,94,11.022,False
7,73,9,1713,21.146,False
5,134,699,465,11.178,False
7,177,533,2132,26.106,False
1,149,468,467,10.897,True
8,80,474,23,2.763,False
5,76,508,324,14.317,False
3,197,165,17926,77.01,False
6,32,518,9563,45.485,False
4,149,56,6416,29.176,True
4,101,613,1108,14.576,False
2,70,475,24247,122.523,False
6,141,517,749,12.99,False
6,53,355,1603,14.153,False
6,80,414,1504,17.871,False
0,74,141,7568,34.335,False
0,74,154,1571,19.374,False
8,74,150,1615,15.078,False
5,121,681,687,13.374,False
0,55,275,782,16.259,True
3,51,314,81,8.936,False
0,191,83,11704,38.213,False
8,76,508,324,14.317,False
5,67,82,17240,143.77,False
0,76,747,333,12.98,False
0,98,335,766,13.085,False
5,142,405,2611,52.118,True
3,203,672,4,1.864,False
3,149,205,9,1.919,False
6,8,652,22332,84.06,False
1,101,217,326,20.539,False
8,125,209,695,9.967,False
4,48,153,291,18.319,False
0,149,468,467,10.897,True
6,102,700,1758,19.344,False
1,74,77,263,9.717,False
5,149,432,1624,21.006,False
8,139,695,1577,18.027,True
6,149,695,2372,30.945,False
8,175,239,44,6.791,False
2,196,348,4258,33.435,False
6,203,762,197,8.102,False
3,77,640,9306,64.795,False
3,213,164,197,15.792,False
6,50,685,2008,18.281,False
4,102,326,3657,20.442,False
5,209,119,274,7.687,True
3,203,673,69,7.088,True
6,51,606,178,10.07,False
3,149,550,6703,40.07,True
6,95,649,2278,29.161,False
8,203,475,465,9.883,False
1,137,475,3431,57.295,False
2,140,675,1425,29.234,False
3,19,29,4296,31.351,False
3,30,491,25,2.891,False
3,47,391,202,14.561,True
7,102,364,535,15.559,False
6,203,47,691,16.593,False
0,125,206,1270,19.028,True
8,203,762,39,3.176,False
4,142,475,15055,69.617,True
7,12,49,1630,23.922,False
8,196,21,1777,21.161,False
0,141,538,222,13.453,False
6,140,134,5004,25.665,False
4,102,632,13162,55.887,False
6,73,344,1764,16.69,False
3,149,197,3,2.719,False
